1.51816812438192,-1.20942805872738
0.748019156599689,-0.645650682764632
-2.91831518995603,-0.950895211704259
1.64785223688157,1.11450923412794
2.16077037480542,0.829921641376538
2.49085074352417,-0.365731941411003
-3.130910669001,0.915033132265585
0.642387503839715,-0.59180345996473
-2.45215779457604,1.26624723444697
-2.91117267236944,-1.0279346222937
-2.9711459712326,-0.940712140141272
1.26458884808566,0.968952031690073
-2.79686456747528,-1.299820888962
0.0905528219372522,-0.211513697637468
-2.2332249374244,1.47640695109004
1.23626481006572,1.20731073258229
2.49754196138978,-0.00219413396246744
-1.72102643712331,-1.35669228395679
2.50376137759004,-0.286500124260711
-1.27871231216443,1.20805423233598
-0.286418420755624,-0.316832920917736
-2.87769862474026,1.26462845738269
-1.68617880995203,-1.34969466694144
-3.42383059083639,-0.337608776446907
0.283208715205942,-0.295292286505073
-2.24026347641435,-1.36060549077074
1.85129952774619,1.05087894320673
2.43624141163695,0.0753077226305637
0.734471433207387,-0.84355617543531
-3.28929919761272,-0.50492025733451
-1.83554009303258,-1.25701452007462
-2.02152542423064,1.35000118307951
-0.462063588980995,0.37169257062656
1.29973825836199,0.835088021419125
-2.34501496049661,-1.46417299783488
-2.07432318847117,1.46131477111689
-0.420360661034876,0.585254404239421
-3.38223329245835,-0.157528818009403
2.38108786604328,0.384299726583313
-0.283256668096475,-0.268839485451236
-0.947036614284814,0.925759919664496
0.140161716159252,0.400353508806258
-0.516289543896578,-0.518030305651975
-1.32946802694632,-1.31918798459478
0.734914900419835,-0.608056350230426
-0.34285500506796,0.106927381872685
-0.18031090938922,-0.161667469834111
1.6532414862154,1.0357579210496
0.185165561275525,-0.104949422846282
2.35434942721815,-0.633022083818715
-2.77482675578533,1.01868606785395
-3.25143340623023,0.340306820689832
-0.0926256288299676,0.334175510032388
-2.07984398826969,1.4511201484471
-2.82401314164552,-1.12272987458247
-3.09840053332774,-0.934570596361631
-3.43112773349932,-0.296849949108277
2.4786364864047,-0.312380848763863
-2.80133970635516,-1.23019108848752
-0.575110687276732,0.739773866251055
-0.49198210624288,-0.508215040748735
-1.26963749984702,-0.982973802348666
1.87727332860449,-0.952834014648979
1.29225892938836,-1.03529405749294
-0.419549056262271,-0.366696369618795
-2.26589017766864,-1.34853658179383
1.93722640062994,0.752014503925532
-1.95924933235124,-1.37998476168994
-0.0664036625517632,0.277096566343788
1.61885568004193,1.03619048495056
-3.10287669878319,0.922413742007942
0.377573247758629,0.306254886219504
-1.6668854000577,1.29573489414254
-0.333566314589818,-0.266868698331762
-2.42233301205279,1.46014598223327
-0.828839422317761,-0.903021290923027
-2.92562580824326,0.936814876137292
1.79394845513658,-0.986583596132536
1.16977412839559,1.08192636569211
-3.26059278428603,-0.518037719629129
-1.91954651460828,1.37362134880368
2.68770183679401,-0.17416545489347
1.25801598216382,-1.00710377728339
1.31510683635943,-0.98108685887029
2.19628066064811,-0.989474021817524
-0.126503005698617,-0.156718907028996
-0.110037901956076,0.246265007063629
-0.214258726834399,-0.37047464373502
2.34536093589087,-0.524913413828933
-2.19575290533269,1.46436416012833
-0.747233788206729,0.769928561992073
-3.20080820052801,0.258986679390578
1.84772202139536,-0.972830385525526
-2.38104504704352,-1.26090127051221
-1.24550960692594,0.821956300859296
2.2282846348011,-0.915945971204789
1.69774180214506,0.939729368300229
0.523987933912442,-0.483993188435261
0.111595797245646,-0.0483724653195481
-3.38049907675278,-0.137704120413707
-0.562977591438166,0.61966777685138
1.46350936315398,-1.15406876677524
-0.54012161260408,0.646608686785631
-3.29830190114062,0.221642007116133
-2.36165821737959,-1.34828069464649
-1.90197622551996,-1.43708430107741
-0.516361006893423,0.679550966002966
1.8535964100232,1.0825965555166
0.206998259863984,-0.0920002702067332
0.0586932659702917,0.118304697489331
-1.05382908554842,0.923102269086103
-1.6378695533457,1.45967172017786
-2.24548214109137,-1.38873621744123
-2.62176681288467,1.12931086398271
-0.531030883209139,0.646048419689357
0.304025804235167,-0.109785564185044
1.57617498707961,1.12401727168531
-0.916437978325861,0.870702729559039
-2.49791207632065,1.33625882695036
2.40510594989818,0.57312380066408
-3.02281515698966,0.908368771904116
1.39993130669973,1.04332991738476
-1.64513624020071,-1.46483567518166
-0.0465479899098442,-0.164522897569213
0.0573109449006362,-0.0688895087210619
-0.52778486839635,0.443962618671037
-1.31126082936132,1.4219493538625
-3.28982857463572,0.733733851002063
-3.00742203709678,-1.04190935448012
0.389672401377231,0.422896469374104
-1.11048668263141,-0.827501561742655
-2.14916876574456,1.44647762338681
1.29971590785004,-1.025827239042
2.53755402978613,-0.554428355611456
0.879902737361743,0.826864607710711
2.56188530028609,-0.22300838319501
0.421834315283555,-0.580775174931018
0.443007890960965,-0.512994345558271
-2.34305672491458,1.39877907858711
-0.271868001654266,-0.282987969178071
-0.865843238223367,0.86718771444723
0.712031554314358,-0.604090493295224
-0.653519377876692,-0.520954319637175
-2.89303016066053,-1.21844661356478
-0.65045593439536,0.904877196899491
1.45793697215842,-1.13111727151134
-0.0597960581988808,0.159825613468104
2.71089666053383,-0.435998417880549
-0.382728876217922,-0.436445124318564
-1.63513261339641,1.20088498617646
1.73723962383534,1.04047998718077
-0.884084407454054,-1.10150609473379
-0.178492668634187,-0.448259816129531
2.45214310040506,-0.283688303896907
0.741053235597257,-0.738136668256618
0.583248950627131,-0.57386624094324
-3.35756136863487,-0.906218172732582
0.22137903471557,-0.141753108513311
-2.58168925055421,-1.19415874773705
1.9310645825719,0.985364939368264
2.56643945669882,-0.0331536672673455
0.468137884681422,0.446740342120732
-2.93353915439084,1.08121422698858
1.53849181193754,1.03263456501797
0.43717062189088,0.324364464755419
-3.64873703518049,-0.456052221789009
-0.446031357702533,-0.227280152767014
0.180529740476728,0.322558453975639
-3.20004925314487,0.0462590603370377
-0.823011431045622,-0.731026400586077
0.639793947021045,0.659792994698943
0.0360466933874566,-0.0676616708113365
-1.98319982542617,-1.45919058446824
0.0870505379393345,0.00187030500758237
-0.255303111077742,-0.461645066461072
-0.545327253634432,-0.634628566793901
-0.936875081976294,0.839497130747234
-2.01979809233527,1.54898748227513
2.38861545492612,-0.654438284927456
2.46635642410591,-0.329188291922582
0.420938761162308,-0.297528152168486
0.744821124572182,0.764614814474171
-0.993902524131074,-1.02949905480816
-0.414912635111349,0.539269639928652
-0.784691036292144,1.11332532324128
1.41522513240704,-1.04573897849529
1.97573373726776,0.85834851558928
0.256219123604735,-0.0890920568169811
1.6095566300049,1.05116608098214
1.27424013666471,-1.22788758871227
0.0322923178281669,-0.0277582808244103
1.24743864024008,-0.974263772358261
2.11181138484169,-0.762012286369192
2.60437934114286,-0.432208718447365
-0.573740636556363,-0.500573286291584
0.730798671365394,0.623508560509891
-3.14440441091657,-0.735414615609836
2.61879562580043,0.437426765026335
-3.27952997894259,0.372254605254854
-2.27973919110346,1.37308677102022
-1.66213213429147,-1.39407067221239
-0.173153636705992,-0.0790469502821776
-0.440071335369595,0.690648521561721
1.09694643432025,-0.794093007892422
-0.803840047393375,-0.885535283482646
-2.03726585975257,1.28155462876236
-2.08368166440696,-1.47408529720042
0.0138656616109414,-0.0996610242977503
-2.42743866662342,1.15844867522037
-1.2168682358942,-0.9963206993162
-1.8733895899434,-1.47839577263775
-3.3884775130194,-0.0663075005999206
2.04361434025829,-0.900511665698907
-0.0196353157807976,0.0444813772378669
-3.19308784471831,0.667000710796366
2.56591918649302,-0.133247580317457
2.48284639624517,0.321444056819439
2.12139888117412,0.530211287754159
0.25298725641021,-0.291790750217843
0.0645605688313933,0.0411483614317026
-1.24238406284416,1.18385163771631
-1.00978107585594,1.18065214812217
0.858922525498032,-0.765345986185503
-3.32023026700285,-0.0181175531990388
-0.82660950168021,-0.833421232300224
-0.711459313074978,0.711667573352479
-1.38496530107342,1.30374735246438
-3.32567866331845,-0.464702387214186
-1.80204192108841,-1.39525561138669
2.54590088512448,-0.67000051686195
-2.78063364485483,-1.34009885187881
-0.852474015831489,0.723013152022888
-1.08624173741366,-0.991286545377804
-0.284540483108163,-0.264980174816708
2.32097848317617,-0.568970524261633
-0.992422465289577,0.910980767220471
0.443172944398314,-0.567894206826039
-3.45849419830907,0.308050106566149
-3.0885515097564,-1.07673224066202
-3.04336220155335,-0.82516443849536
-3.45750819551182,-0.476022259633437
-1.93344868103816,1.47177556845102
0.288094663205609,0.00613477714673949
-2.34857283747659,-1.2586118701149
-3.38355586756208,-0.431222323932763
1.7652533162192,-0.926493019014324
-2.94066370039805,1.00421258917621
-2.65972644042827,-1.0786248988132
-3.20235570370301,0.868567924121204
-3.51362374868033,-0.0075346620297871
-3.43506247021737,0.0959540917950259
-2.24302973238416,-1.33890787019997
-2.14875706039281,1.23442113313553
0.261100601050281,-0.284038785823277
-1.99750880246827,1.25168492503986
-0.603445155427505,0.324014045088244
1.92236605553428,0.987035822426257
1.0946150682665,-0.904854461206637
-1.04077011427358,-1.08429264822393
0.479605567607523,-0.73352776846872
-2.84526050668979,-0.856544416049632
-2.55696364622867,-1.20117274453459
0.608221684308734,0.640158873886758
-0.85254672026378,-1.0245466922908
2.27566469736206,0.630195310213555
2.67131426234561,-0.458232672674134
-1.05916637265263,1.09116768110089
-1.19442989011917,0.831294644832024
-2.95917895950758,-1.21468630736741
0.616384756727231,0.857350039755522
-0.218597030737644,0.225583004709259
-3.11747653152842,-0.667351144016734
-1.38276377184261,1.42441989930439
2.64857342669423,-0.521443536747304
-1.11269295568293,-1.33780916434085
2.11109765267295,0.867052584010586
1.32134492167442,-1.07346493105492
0.995744177104134,0.949436113639328
-3.49804808301361,-0.0693350021708304
1.07964689904301,-1.0091516664204
-0.0816176972013012,0.217656174281765
-1.8342886115848,1.36944659599881
2.52502260005611,-0.589817442314783
-3.3806345508195,0.283507978713216
2.60320731660109,-0.053259914935533
2.56445869654965,-0.396784937897775
2.60124402425106,-0.171267540811913
2.63854220357239,-0.16030502446892
1.51653780346366,-1.15506214359509
-1.40197893159457,1.35256474601959
0.445213733876966,-0.319177970913678
-3.06963315049148,1.13484677466191
-1.79836345351458,-1.51030240942658
-3.03292526360914,-0.836788169911991
-1.82150693389096,1.39469596770473
-1.31275411540854,-1.27176089721559
-1.67617762435475,1.42435185569163
1.07026483373804,-0.903265297250728
-2.11292983399078,1.65439972209718
1.43498539755898,-1.06219141612721
2.48816085564545,-0.437400927443148
-2.744871054854,1.01508950848138
-2.63542554693785,-1.35952377826078
-3.53868607591537,-0.506164317703761
-0.879331376570542,0.748733317886234
2.2225708910543,-0.683796844641937
-3.22237099243212,0.739107222701805
-3.29027287590351,0.594601304844615
2.47753605927057,-0.132408947883529
-3.10242121827507,0.888032290583353
2.19151256760109,0.781929191432639
2.43100637814676,0.465840996795354
-0.151506498978714,-0.131321158193381
-3.31285416697214,0.0359006567863993
1.65870278301199,-0.898451918383614
-1.3587028304577,1.19681485401811
-2.9982603014737,0.878959397249696
-1.61336489776254,-1.3271992112818
-1.37946311697171,1.15595645834668
-1.56142479838974,1.37875829747811
0.364126897143143,-0.227230079191067
-0.704741876945121,0.600557204480911
1.12779784927896,-1.11442281017185
-1.71824608477518,1.69486238119753
-2.32755092788055,-1.33921822356784
-2.8386301195641,-1.24798876051343
2.1130176128433,1.03066794886531
-0.579721912369339,0.389217694900376
0.48670857350589,-0.575162830031502
-2.86077892005054,-0.858993470743855
0.334553088949818,0.42259211366401
-0.72986604772932,-0.722097358768372
-0.449562316685026,-0.415796871529553
2.46534043370171,0.582074477579822
0.596713102338014,-0.52734466548084
-0.729888667654651,1.01626485157531
0.796416623911691,-0.853715614380733
-0.449774630976495,-0.6107876401811
1.81739026483279,-0.835517882496609
-3.26707564312364,0.144247037082348
0.396389618151654,0.333222721685427
-0.441217290574945,0.369163833721675
-0.284797215811004,0.305778878691981
1.55333648019377,-1.26663785371233
-0.399716698145502,0.554545782542669
-3.0082452488702,-0.887465798550841
0.340717015070751,0.371284970753312
-1.52929213367952,-1.20094659024948
1.01114967159499,-0.795151946981344
-1.77986957158347,1.31103506033941
2.35293170388295,-0.103209914332186
-0.00562200506959787,-0.140781252878632
-3.04457914409239,1.11146924442409
1.09426662616245,-1.0167375914087
0.388950192745769,-0.491092635206177
-3.46916669572191,-0.123517147600838
1.84338419097292,0.946052353613929
-0.583066464416566,0.845427332770337
-2.73613349619136,1.33062220320145
-1.38071108841089,1.17445795356378
-2.10132303212845,-1.29722724341226
-0.178847669544789,-0.259474356679144
-3.33843642642808,-0.62983755631003
1.66513926251267,-0.949805669607088
0.682121335532395,-0.767103304930818
-3.26595941821727,-0.601733316045331
0.408299766421237,-0.373382627791489
-3.40797452309535,-0.429940336707615
-2.69888177406767,1.26081678132883
0.87086758422139,-0.678722950115303
1.94973601455086,-1.04980761895845
-2.91874615665165,-0.752585600067164
2.2602800606158,0.71160158071221
-3.52717320183623,0.0619811515819092
-3.24482205171484,0.789734351490738
1.27640492713028,1.13745738052406
-1.66380819948335,1.39722642788476
2.49696988422157,-0.141142875045737
-0.173998575382497,-0.035842234654923
0.400510217215837,-0.442717095582079
-0.176871142661535,-0.367743901844016
-3.47277372168597,-0.176163384129614
2.30444162361404,0.687899032679771
-0.235733617137165,0.176297865238155
2.15093653256782,0.843913261079574
0.0245934639718421,0.162897815279541
1.86226346715939,-0.923059910552239
1.49613507049578,1.05213170213414
-0.352336456468642,0.258237654874835
-3.42229173446955,-0.312787087262532
-1.5439335053985,1.4142607681564
-3.2994607583068,0.19982681188153
2.4454226120156,0.704636347592795
-3.30998368922671,-0.465180628791752
-3.27470542642842,-0.812387988504772
2.26044308196775,-0.523488586035965
0.00304310196379909,-0.214350864469071
-3.03550820965534,-0.903660907979936
-1.74057085991445,-1.31200043474103
-0.0407280235401362,0.082909082585233
1.42305062533125,-0.970293765878754
-3.13696888743177,0.697967418369187
1.49736561907358,-0.928761195714988
0.152258370299098,-0.120731569521937
0.0991788401634506,0.156993585997609
0.634630941224834,0.73755613433389
-0.630712107150412,-0.711326507961786
1.3324949817223,-1.09381403660703
1.80375308477427,1.05196767363117
-3.18930443789786,-0.533180932135888
2.16867853775085,-1.08027809402565
-2.97545877451072,-1.01621390881629
0.427467548203108,0.194726349789545
0.62037542919142,0.604628162765462
2.41925973565652,-0.478744027709985
-3.08417509058947,-0.802940839413734
-1.98012294955911,-1.56664263007196
1.4743496230299,1.14561352096716
-3.28738358166556,-0.206625988431263
-1.6699855723432,-1.43689870686449
2.36257030204821,0.538351486271596
-1.42757404909579,-1.24567113230128
-2.51930053322136,1.28991652229783
-2.88866503633451,1.20910678538577
-0.219541980843425,-0.193493958261336
-2.85091710423235,0.987222912242569
-1.9948918152542,-1.2673584411549
-2.7882261081518,1.18415291873667
-1.58248814115103,-1.18583591437766
-0.0206848547308796,-0.332285756653318
0.399614066657785,-0.440982538419212
-1.16779222393688,-1.15151716929189
0.0426157716596858,0.0880754533292987
1.13375536293237,-0.924533217454016
-0.844512083556499,-0.817243695071493
2.19024714907922,0.937590746616105
-2.6759426885817,1.29717237363369
2.48476276826755,-0.0339636913671106
-1.97982146714804,1.48054587154525
2.59776987015253,-0.106035339825191
0.590392226869033,-0.379458773281409
-1.56488829246892,-1.23565612789742
-2.79676497037945,1.25226420241261
1.3582920100117,-1.25730207027217
-1.65290248210259,1.18040959800453
-3.30649994786935,0.632355577086786
-2.10224525889096,1.46901213699143
0.964265821081162,-0.91958248472067
-0.0194119603893717,0.121687678856409
-1.08681317897615,1.27077609821455
0.753393089663055,0.935225665289097
-1.65214408998043,-1.45039097028399
0.567545482383298,-0.449434263681902
0.892260662855519,0.621780324701939
2.50400028573268,-0.374216454274363
-3.05688744955237,0.84710528316617
-0.530290081156738,-0.474117086344516
2.19474959034298,-0.818663800095231
-3.38308480357033,-0.0936761365325114
-2.07204103462539,1.47900732539114
0.973278542563859,0.712791632521353
0.0964957827689907,-0.0192987234507747
2.56758343302806,0.0778500937407933
1.24749298963016,1.00386939557016
2.62605663245895,-0.00582861553085938
0.380058683534317,-0.474524763016702
1.05040603830465,-1.07964293964038
-0.705768293882585,-0.670418895053288
1.90862323631355,0.750332551367665
2.49437224418044,-0.601765696099133
-1.9885614697421,-1.39040440906983
1.42913857619974,-1.00093688942028
-1.01788407035464,-0.769295591029712
-0.439854868793803,-0.192231025658514
-2.34374940880521,1.31824533702487
1.94501554232679,-0.795270699116039
-3.02733554644653,-1.22061380703098
-3.15700801879641,0.558222624071729
1.40513768338503,0.9292048609891
0.648473315976234,0.450395477448426
2.05280949022399,-0.940635431150445
1.71225088106574,0.997801738633351
2.05701785493361,0.76790837141495
0.706498582081754,0.837574694768308
0.435883289232994,0.400710746225575
-3.05733303626779,0.968107089260739
1.19930755582303,0.959399371809413
0.428522951996935,-0.540990346039978
0.87103973170296,-0.901588954070163
1.62489995361276,-1.00595762243725
0.0417910658273537,0.247438377940719
1.83450136215771,-1.08102155996801
-1.01826524586204,0.961836862970681
1.8000678396045,1.13625284578847
-0.575652276852902,-0.682919000072151
2.66412282768424,-0.0369841122249277
1.79885658148615,0.985246889351655
-3.30075070845427,0.512766694656935
-0.279097877201789,-0.0226168029672857
-0.66750050567304,0.705291416131942
-3.1857324710725,0.851985627706725
2.34188379353836,0.630004327164559
-3.55101293403039,-0.262547996020897
-0.312217422884482,0.148008856196502
0.278761606201507,-0.140506846888463
-0.967687682555333,-1.15644272783107
-0.463645639700622,0.309836902944146
1.9967445779669,-1.06839788822694
-0.707529878809671,-0.540773693106718
1.053782947035,-1.082320865159
0.16128928380717,-0.0693128550582908
-0.666540653037981,-0.701157021503955
2.29282490014186,0.683178664796189
1.68354294105143,1.06996373969406
0.285122756770977,-0.32209554652701
2.5964406671271,0.108893108468417
-0.428046157773876,-0.400628394602861
2.41387078792234,-0.25380349301683
0.599399151045633,0.919090567967612
1.9063474158354,-1.1212546604643
-0.862523935179325,0.766057872671726
-2.86287693372357,-1.24533097932837
1.24121166421949,0.874961790898609
2.27840617288367,-0.838617104946655
1.95668568582203,-0.972149203606107
-2.49219196489172,1.31329542944969
1.01677301092805,-0.811496607026405
-0.70205257755642,-0.672778087929917
0.217502751819572,-0.329215629683137
0.326718959317176,0.506633137984264
-3.26617872644713,0.760151517551211
-3.37569430547761,0.557709195631365
0.321380430652325,-0.364136444344834
0.683288580547972,0.603784416176064
1.48471568250865,-1.08545285256235
-1.54194411793066,1.34993671326627
-0.503491976118192,-0.578513333430939
-2.96295469187114,1.11840526570229
0.230738549554555,0.358342673751073
1.6812713924975,-0.978482162108639
0.0600231365930699,0.113301988233274
-3.15913272157247,-0.640069578629899
-2.84517308070164,-1.05670906001139
0.901220218717974,0.875174248782919
1.66411942599125,-1.23452341520324
-2.50375591043681,1.3337003850903
-0.90446599097854,1.03418563744559
-1.04496388690902,-0.845203103515181
0.597118750599111,-0.678269783296472
-2.25032012255096,1.48772392009402
-0.177530800957354,0.168259589104902
-0.0560311076874416,-0.111633981060617
1.62807006000459,-0.9456153281962
-0.751173292817216,0.705403868915622
-2.60953475803467,1.14769829172837
1.15301806346938,1.0616238675664
1.22106047482372,-1.13869995615616
-0.752879450582351,1.00081764594769
-2.95181096077395,1.09481873398286
2.19117300492796,-0.642242074449694
-1.41267060084924,-1.33601068511843
-2.77161441122864,-1.38975655057486
-1.43872216540729,1.38631336031671
0.458789812340054,0.443481182596782
1.45624450826119,-1.10157573811764
0.523986423513043,-0.431991509236233
-1.29790477018821,-1.23627872396385
-3.33638101971364,-0.0111936198189981
2.62143499678851,-0.164781727290843
-3.37880810774348,0.549536381888323
-1.60849956642615,1.4189457445014
-0.261612689190194,-0.0428738946822331
0.270964138512161,-0.236337942247899
-3.03916156356265,-0.713613009885776
-2.91606798299198,0.97318167999245
2.13999917074375,-0.676601481311864
2.37116061247827,-0.480456220466487
0.430695366438717,-0.502490547948167
0.108635313208549,-0.00828564751204013
0.31080081513908,0.203228730541772
0.0152810952073041,-0.139947753778429
0.422110107307926,0.373141894339392
-0.601509007113101,-0.659178259871657
2.62080536382607,0.125929855362076
0.923042579307634,1.11794763833268
-3.31040035917035,0.601064644452729
1.7085474717541,-1.04817709876853
-2.43701243469795,1.34915306975694
0.436432682964609,0.436297660227859
-1.37447868554872,1.40956487724728
-1.48384585700598,1.3416588752146
2.39431711714272,0.527258269773159
2.43075425645801,0.434128372249514
0.223954696432223,-0.104429436338014
0.714495404190776,0.790185210852565
-0.544989912253728,0.521828820586465
0.317377718042565,-0.0452947595815682
-0.629540551689151,-0.642828836072835
-0.317934271029567,-0.459349633725784
0.600539773650303,-0.347391517843999
-2.79806930818908,-1.11036516419347
-2.4958130888558,-1.4366636114325
0.692884075309133,0.613677270046602
-0.667075153384542,-0.536248991436809
-2.25912762521703,1.30161818426449
-1.12130784061844,1.08715146324975
1.82099361138683,-1.119231513888
-1.50188342709884,-1.45696381569143
-1.12746443231356,-1.07423149024546
0.370352632346987,0.407014864108418
2.27599167512985,-0.832060490066858
2.58904624823789,0.0144250156054029
0.671705821592108,-0.739774253726827
2.61664956519305,0.290354512561534
0.212723422372513,0.438488115997633
-0.293933062781305,0.319444355180256
-3.31655106852621,0.380262787582409
1.78457660799879,-1.20617553258049
-2.96228215477701,0.892315395312648
1.36682271475781,1.0077725408268
-0.151029399902665,-0.0410311479385475
2.40459237059382,-0.588492419729222
-1.25414113516307,-1.31550874789262
-1.99906135023947,-1.43537037053207
-1.1868633165364,-1.1942668790868
-3.39372989473924,-0.641915349853408
-3.53978757307522,0.307736345081728
-3.18072780277352,0.626040694606052
2.45917623358348,-0.377436372782559
-0.957977411273756,0.896499855573783
0.993752089470962,0.795347594157851
-0.458835186578575,0.776123080387652
-3.23798338762467,-0.898866023610284
-2.00082352338282,-1.43938639653671
-2.41712096978615,-1.24080134957336
-1.39521610015522,-1.25982639787395
-3.0514488891919,-0.797011828624357
2.19305095650467,0.788901361882665
-0.499517626596472,0.652493387543452
2.01824094294445,-1.02212771762148
-0.0672278110832027,-0.0456818570286782
2.34863212219182,0.815987557482637
1.94083469399012,-1.07892748347541
-0.422948555274688,0.584163935246574
1.35476591774869,-1.08929313707981
1.04936173477202,0.935604072369499
0.497516264678637,0.456424924440194
-1.34831222154295,1.26933240427983
1.72069155257557,-0.905369029698711
-0.807970802499327,-0.556091535242767
1.31949263559198,1.0491302178819
-2.46418899107942,-1.52570301748331
0.377996274639702,-0.504476703093644
-3.19230217195618,0.822207681673077
-0.361492923001454,-0.300326259106588
2.59532704330223,-0.408675423343015
-3.36527110350554,0.395219906553173
2.67247197524494,-0.120615315345242
2.35217712030318,0.463126281294918
-3.00739862946524,-0.909965717047467
-3.35773921811094,-0.254155287256226
2.06987522685208,0.854714375624764
1.92523054205913,1.11584857707164
-3.08661193712895,0.891325096774633
0.909300262958129,0.892738646963247
-3.42379086560966,0.323691402913098
-1.61382060109669,-1.39406280341581
-1.79714547089088,1.52698158169212
0.624639265098833,1.03808621952142
2.51515052031906,-0.475232465094385
-3.44271487785678,-0.22683316325468
0.986055384896613,-0.787860154121212
2.35991473949483,-0.292224415114482
-0.282798306304468,0.0721406499718054
2.34708402431503,-0.575843158267297
1.92770943975007,1.04716729931361
-3.46975379129798,-0.434440678502304
-0.790628320104429,0.75627062418291
-3.04501960450936,1.04948620746382
0.312611236691021,-0.193113848082034
2.40155486255276,-0.357976372827879
1.4972947215354,-1.12616175220693
-2.87494863723326,-0.962608965559141
1.28799868605079,1.16951684554145
1.18904298627623,-1.08567799973818
-3.37698574765339,-0.820941698208315
-0.286555110869061,0.100882890439358
1.6726646148601,-1.04855507092913
-0.674798848957206,0.622817557336167
0.155894018790942,-0.041251551972538
-0.715258584419574,-0.833241620057583
0.659673262466028,-0.787558049925485
-2.66449546518437,-1.33631665982075
-2.73362076672451,1.14548438053113
0.987097476680685,-0.975966118917603
2.26035869147738,-0.597367132377967
0.555740708050098,0.57880659232568
-3.44545929763616,-0.334249020996994
0.485387543525516,-0.737570908735173
-0.395863244748107,-0.678437242548244
-3.24406058442638,0.748962827096191
-2.27135455808701,1.36827967742023
-1.47416230582601,1.20626901352774
-0.0720869976074305,0.0172607566446805
-1.62913083759802,1.32561452137912
-0.973712580827468,1.05806834271478
-1.69437848757548,1.37545603694667
-0.543821867982966,0.504468579556297
-2.05353756947828,1.36468077597766
1.09952008602483,1.01731524957042
1.50126863802692,1.02597109702246
0.220327974694916,-0.0691172413729975
-2.64016176891587,1.38294640076156
0.792172988469861,0.758035783645544
-0.651870908398761,0.808743131237174
-0.0184831606082132,0.0353655355133362
1.40441346744693,-0.716562463912786
-2.57919902425976,1.38125728208242
-1.03705778516415,0.911118047501252
-0.211994654439318,-0.117635658498249
1.70085080728174,-0.988266821837578
0.128515039017627,0.048988639235799
2.4472986440296,0.477785584656834
2.50771256376867,-0.520855657042792
0.988339860823461,-0.967820931269243
1.8251375286469,-1.0098961043581
2.20435714295653,0.805913016468978
0.547832384602601,-0.400849821835296
0.706084377994016,-0.647829031572677
0.714031462487815,0.608371544977811
0.446127417618921,0.486197828188804
-3.4325348421825,0.603013674965961
-0.37410864857536,0.337049100297374
-1.2295235384352,1.41418357531365
0.00393316946410249,-0.0611607017579583
1.33124416947207,-1.02297729500306
-2.82267688155654,-1.18038782076668
1.75252870288188,0.968197986620248
0.299151357748621,0.554267446435251
2.02695453729686,-0.975624667307328
-3.3468150663587,-0.0666434076672864
-1.45925870694255,-1.35196896708117
2.03408865013097,0.878148904624032
-2.62151920329944,-1.28892802085643
-1.84459795498332,-1.48227723301482
-2.76876349387584,-1.11810713268564
0.303563297384094,0.631783746324117
-2.00660160752539,1.50827992332182
1.08632911517063,0.996196418596029
2.17537158353251,1.10204053829488
0.459170118124147,0.641711965810473
1.7963767206808,1.02218634409788
-1.97231173116659,-1.42812640240586
-2.77517554759021,-1.20017300267464
1.17557878365869,-0.897097746353988
0.794829872471562,0.924445983449144
2.47214643768674,0.232481834050292
-3.35147357110778,0.458819120497863
-0.558552118788768,-0.480081256230197
-1.70631283779229,-1.49558994230382
-3.32541859531061,0.422490465367867
1.94005324556404,-1.01932518774635
-1.72782178597987,1.51483520688203
1.44234771913409,1.00850237900509
-2.91811311733359,-1.29201570911385
0.71892827058604,-0.810052176807815
-3.37400891092841,0.722918729784384
-0.0929110987247808,-0.017801948227121
-1.63841899353576,1.51734014362511
-1.26730538240108,-1.25242296673257
-2.29492926987657,1.34828979860463
-2.83753902965084,0.933147962714432
1.60168590468995,0.965049969915717
-0.464663126369375,-0.464855264332941
-2.8960319641245,1.13839886789033
-0.233110571545226,-0.223258933751071
-3.37238988390687,0.461771248655609
-3.28395922577401,-0.270841885194674
-0.108724229903747,-0.0154627497301588
0.549644628625205,-0.795356685068376
-1.02127133639625,-0.992941799159255
-2.22033768259751,-1.30629735131517
1.56103796385236,-1.02083931147875
-0.293475519529996,0.410869248785877
2.32953201245955,0.482518888185058
0.961484012937692,0.781506586884567
2.0011665719194,0.930472819113656
0.102426648392089,-0.155536466751652
1.1057881857955,0.928290481665779
-1.5093891934613,-1.40292294882741
-0.729912642532762,-1.02326393666
-3.05398783665163,-0.907772742753974
0.229314403051094,0.185091010623535
-0.956569125744619,-1.01789878346081
-3.34333290882078,0.455375538899659
0.934206657360967,-0.976966508928567
-2.99831598171656,-0.987605777115598
-3.35105383052903,-0.574744073036508
0.708050387216246,-0.713202453081791
-1.07173433266199,1.10236369536075
-3.0773130985015,0.981873256316701
-0.00422739210966028,-0.117879414497639
-3.40141301600547,0.347199462905099
0.656372073797729,0.394550538570842
-3.09131309514108,0.900669790691386
0.153783837368977,-0.491333153673927
-1.18060700403636,-1.0505304850841
-3.04687988565444,-0.790210003615461
-2.5674155998538,-1.21149152476404
-1.44538103011481,-1.08246358614655
2.51674316353408,-0.664785451677414
1.84721757841512,1.13510282421805
-0.633587532200562,-0.682644136574852
2.44576436748022,0.567928988474896
-3.24396881551745,0.297537258696583
-3.33418867294084,0.0349733857152604
-1.21237365461322,-1.30656583460194
-0.52629812511768,-0.566724767898212
-1.99993769118786,-1.36721561935318
0.860241958905374,1.02579255876698
-1.87055887507578,1.53202655156828
0.567900615088345,0.554650812108701
-2.49463614992068,1.23749133853957
-0.830130191772029,-0.840500741549882
-0.617848485855697,0.703335328179722
-2.69503179004942,-1.17800806767454
2.06415123005805,-0.729797455641763
-0.0356825575460817,-0.0347363689074489
0.144727594573083,-0.236017519746969
-0.714191044825008,-0.747659588212112
2.40168286602079,-0.52392478495346
-2.23201797208894,1.41708866192848
0.290124891974806,-0.292867476589613
-3.01078687637705,0.782577070990806
1.43980175642835,-1.04401531776251
0.38634147170939,-0.561561765227599
0.922302662709572,0.784235343616017
1.09649340816256,0.98345942468977
-3.24473813621427,-0.362016758877091
-3.21773969843323,0.8994165567055
-0.493507465383729,-0.441357983928114
0.0403393516149935,0.0122061542615107
0.616286484825759,0.747833418578938
-3.34683800251312,0.646785798603148
2.544109511893,-0.17529037834897
-1.4786581179925,-1.29551039351424
2.25377942406578,0.820798469512162
-3.17317648335829,-0.664888259953758
2.34009205908511,-0.712890636652383
1.97506093550341,-0.992141340198939
-1.63932961193665,1.42489635602542
2.35831975258075,-0.490135617167768
-0.220332292873855,-0.273468149772272
-1.12370320569407,1.18194207177442
2.56420531654374,0.395836549365499
-0.897873211232016,0.756164424277217
1.89975756142442,1.11096937540989
-3.32303384220529,0.481217067473688
0.859652857832732,-0.930817707366875
-0.290783997859782,-0.13331370713644
1.87903989097353,1.12032506906943
1.67492133421217,0.795762202458957
0.164850127525921,-0.0066771806049033
2.60123910372893,0.43000639442549
2.54861357640317,-0.0576311001552589
-0.937110998388886,0.998166884637268
0.225834156283666,-0.17541247770204
0.772540074334335,-0.816871817201587
-1.82323805907878,1.30104810291387
0.783741309230124,-0.512236030933962
-3.33782417509946,0.456361726108681
-0.626160160441732,0.472897923055711
-2.09760949086146,-1.49901806655688
0.26009149113874,-0.303925662878064
-0.723900484646927,-0.644953618213172
-2.82331558061515,-1.29224012427472
2.43180342206864,0.206901423708403
1.83487838929718,-1.0582439963461
-1.72492637009004,-1.26508391172459
-3.34175939767672,0.11147918039069
-1.13078728317416,0.992185153283569
-1.62417542285685,1.20164168466222
2.36080050872276,-0.441994998021405
-3.42103991763107,-0.447861009927451
2.71890627939649,0.0358528651039867
-1.42787187557654,1.21687794915299
0.636982358503697,-0.751060885028026
0.172436938841268,-0.222117299001507
0.564280720078708,0.573887522082466
-0.46014773023848,-0.0213598818595411
-3.03722140784451,-0.944844515355602
-0.802506057458996,-0.779079935013921
0.170511002368794,0.0881432039357257
-0.169577208931437,0.237397629153634
2.03598914484843,-0.817738251338024
-1.46070398033988,1.42166533257156
-0.458856283340241,-0.482370511060231
1.94146254389346,-1.0564500042826
1.57603532660359,-0.781546854269092
1.77067108550044,1.11374207648056
-3.15700538995795,0.818505282034138
-1.184168494105,1.10840851712033
2.52914604589106,0.00405969668766456
1.19999612238285,-0.87204429823576
2.20457943680863,-0.666719629675579
1.93680905548064,-0.931220471404211
-3.06931587411179,-0.916947007574136
2.43765966483821,0.630332140369428
0.133540951078155,-0.153304712699431
-3.07130786018201,0.754011738473774
2.07035612435466,-1.12150205439006
-2.52840198834563,1.31718518093003
-2.49638750907305,1.37188820863142
-0.672645642354892,-0.858006328482524
2.0074957299768,1.08653409146146
-1.94035260729179,1.47956227714386
-1.07188037270638,1.02040561876331
0.0433724423555448,-0.0372485256736608
-3.31744668684033,0.0819350239847473
-0.270936512011594,-0.238823423372553
-2.3953690391054,-1.32194394489174
2.51745712021654,0.162996283657402
1.98622743305221,-0.940568632979111
-2.81298042159942,1.2067289761642
-3.21403389200566,-0.490748148367143
-0.420671100462294,-0.296443806263001
0.884729461856148,-0.692413262009585
0.615488851509121,0.336197522404428
-3.14942840899588,0.969773153610468
2.52762576678573,0.373941320542153
0.297610501991008,-0.399260803023945
-0.975596264947289,-1.21030480703682
-2.08338845939174,-1.49920827835709
2.4963576711363,-0.439313110935998
0.0178687380077771,0.213143521816534
-2.93616390470891,-0.950105140130224
-3.27092827053675,-0.838017913855976
-0.703195104528735,0.839581796764383
-1.88947201997417,1.45039957357822
-1.37579044831099,-1.48779934766497
-2.57187799651968,-1.30990359979625
-1.68866947623524,-1.50402729345572
-3.4806106461728,0.305947974020866
-1.78803708464133,1.36729309553465
0.504888272453833,0.365809729892816
-0.923434765199568,-0.986171169446335
-1.47444031832206,-1.1601001728446
-0.158987779262684,-0.0702458515104925
-1.89817099509468,-1.45507268165048
-0.0501712452722776,-0.0221348560728869
0.187349373285413,0.0234408782149222
-1.90594459295501,1.37913434114871
-1.20801795002403,1.33419990215752
-2.59387408108827,-1.32754899209597
-2.59714997565684,1.28930378882653
-1.24827921024664,-1.37358422313588
-3.40148977980361,0.0351252709718414
0.237564240139293,-0.216388536643935
-0.913744857164525,0.995491198301084
2.04977535603572,-1.02476431156466
-1.40529257263777,1.0778001232524
0.0612092983373334,0.230700021106824
-0.0803327935537541,-0.0934370268264955
-1.55362060573449,-1.33659096806621
-0.283755618194062,0.156273470897489
2.43385318752712,0.829287644382231
-2.48791347198235,1.42873423939411
0.596914360690809,0.667882174953062
1.03157163103916,0.985829007807774
-2.92478586956703,1.01443958304147
2.27346378838503,-0.600401561638063
2.36415681216099,-0.509897463826893
-2.06957113003994,-1.33426244697331
-2.58661014824001,-1.28556745934955
-1.9491403943842,-1.54468925489339
-0.248178680557152,0.36117185921686
1.68251353795362,1.09841058823774
-3.11403396014905,-0.829048062936408
-3.06605166662958,0.892882785136236
-0.708598797163207,-0.904932192645151
-0.429956133364271,0.643087206451785
-0.527583895275799,0.465354846239742
-0.213360027016709,-0.112364898537316
-0.964047251468998,-0.77754758534496
-2.24942461045105,1.15533344647714
-0.884156403960335,-0.990018143749321
-2.57028293474812,-1.43468464058088
1.64568789762616,1.13744410273632
-0.829948748002994,1.09261508634059
2.20219182911681,-0.630635545397767
-0.657768153063424,0.64389812993862
2.5066635052907,-0.395127194195993
-2.09079160567935,-1.50427520510169
1.06426352213819,1.06376317922552
0.956875512438407,1.06333935501017
-0.406063035504567,-0.312680801057498
-2.86893072648207,0.966808697385712
0.476932045892807,0.395301312822071
-0.403828892288774,0.381543475758368
-3.3615221226581,0.184761582697634
3.09805916901678,-6.47323128813878
-4.89736575493589,2.33705240162089
-2.25141450576484,1.25660423701629
1.71218645526096,3.61077945679426
-0.837237279396504,-2.98818753520027
4.97163047268987,6.44562591053545
1.01692544016987,-2.02715779282153
-5.13323547644541,2.29045597882941
0.269211244303733,2.9939752900973
-2.24789527337998,6.52403455553576
1.89408079488203,2.44727094145492
-1.00543225230649,3.25507095456123
-1.53098091762513,2.39563926868141
-5.90250157658011,1.243838832248
-0.435853633098304,4.97902103280649
-6.93395873950794,1.94301505293697
6.65865496825427,3.36443609418347
0.601156050339341,-0.482827093917876
6.16776679549366,-4.39976129913703
4.28517629066482,1.10101032163948
0.393103478010744,-5.2693042466417
-3.03816805267707,3.29691541846842
-5.40236258972436,6.95098049286753
-0.310652671381831,-6.54452470410615
2.8932584580034,-2.13079747231677
-5.7969949869439,5.94750193506479
1.33846682077274,-1.07060537906364
4.27775006368756,2.21559199457988
-4.61055590724573,2.75153494533151
-2.65038720984012,-0.884121442679316
-2.8972184183076,-2.59249214362353
-4.1787071521394,-0.217506357003003
-2.93594867829233,2.99310779199004
0.650789694394916,2.29449173854664
6.12237531738356,-0.329006208106875
6.82722038496286,0.347883479204029
2.40442295512185,4.7160100559704
-3.54973662551492,-1.07364354236051
2.61022039875388,0.0781490351073444
4.81000368483365,-4.13939156709239
-6.23360854387283,-2.18193418998271
-2.34556273557246,2.355204353109
-0.531130561605096,0.571503857150674
-3.35674866661429,0.393163458444178
4.47912376048043,0.210191788617522
-2.43336681788787,1.65291991317645
4.69685018155724,-0.543069503735751
0.138416694011539,6.30430596927181
-2.69509298587218,0.930328092072159
-4.78556446637958,3.17942922608927
4.85896381782368,-2.99794337013736
1.17049413500354,-1.86973730521277
6.12459128489718,4.83732067327946
-3.31452814256772,-4.51318510062993
-0.865838939789683,0.615649707149714
-1.60406578006223,-6.3043822478503
-1.98303927807137,-0.163895805831999
1.65185664827004,-3.13136310176924
5.12817339645699,-6.22275541676208
4.54435228137299,-4.34217282384634
-1.99109300319105,2.89740336639807
6.34177555469796,4.70116662466899
4.36781193129718,2.70699955988675
6.95763353258371,5.63195431791246
-6.93868070328608,2.66258738515899
5.4659899645485,0.451761678792536
3.85791952162981,2.74557038489729
5.21241367748007,-0.38266376638785
6.61886053392664,-2.94627267960459
-3.64228572696447,-2.92631849553436
-6.0059971511364,-5.53463885001838
-0.863194471225142,3.00848645437509
5.46901220781729,-1.11865505855531
5.21618491178378,1.81269117025658
-5.72886071866378,-4.8356130188331
-6.82928938884288,-1.13181586936116
6.60505559109151,0.819674616679549
3.95570227690041,2.86975417938083
-1.04117406811565,4.8059158558026
4.36791378492489,-5.30894918134436
-3.73152064951137,3.44868084415793
5.08643375895917,4.92115730792284
6.65258483821526,3.69562054611742
-0.566752957645804,3.95490959379822
-1.60632933815941,-4.01333979004994
5.34946661768481,2.12328065698966
-1.63292072014883,-0.563719514291734
-5.59728263504803,1.9424475254491
-2.23883037222549,-1.26307990727946
5.99030922167003,-4.38908971380442
-3.03100340440869,0.492841218598187
-4.60456968983635,5.21651885425672
2.95312567148358,-6.40749587211758
-3.25353175448254,3.19217174500227
-3.98564000381157,4.34870429895818
-0.760631724260747,-6.1696933307685
-3.81771500967443,-0.0930078160017729
0.908961240202188,6.2525973985903
6.35606396896765,0.667655806988478
2.02337682200596,2.71279910160229
1.38721619267017,-2.18658233294263
-1.15093485824764,5.26645802985877
-1.11445242539048,-3.52702989988029
0.609236820600927,-0.719052453991026
-2.85612500552088,-1.97418458387256
-1.88956340868026,2.87337105721235
-1.52124502183869,6.89546286314726
1.87061881646514,-1.31140800798312
-5.08899321313947,3.88398124324158
-4.49363179225475,1.55553450668231
-2.09977339906618,4.64131519757211
2.06844596518204,-3.51553472364321
-1.44708529347554,3.29741921043023
-4.15796628268436,-2.00931238010526
-6.43648054543883,0.0935315764509141
-5.28407336818054,4.63615523744375
1.45610904507339,5.12458854122087
-0.562283419538289,6.00023947609589
-1.25788922188804,3.97013929439709
5.86751739960164,5.88632876425982
-6.1082309265621,-3.21960681350902
1.24671743670478,2.4262047088705
-4.76716809812933,-4.15487798955292
5.90076078474522,1.98124987864867
6.87663750490174,-2.58756436035037
3.37090270267799,0.857248317915946
-4.86105630733073,-2.99984394572675
4.53957281121984,0.830805568490177
5.38378059864044,-2.04868249874562
4.86824781820178,-5.44225964695215
-3.2254725615494,5.17419426655397
4.19646127568558,4.06665372150019
6.16187279950827,1.33536962559447
5.75314187444746,1.67204296356067
2.98879175307229,-4.16959674004465
3.73709331126884,-4.99474679352716
1.47191967349499,4.06871654186398
-3.42243125382811,1.99301492283121
0.189286692533642,-4.70891684899107
-3.80218443227932,3.70538930548355
-5.66667039692402,0.107306504622102
-3.28893237840384,-2.63724012533203
-2.88618619414046,-2.76808189786971
6.48332444578409,5.4087228984572
-6.59600032540038,6.55017905542627
-6.62418122962117,2.94695383450016
-5.19686712464318,-2.20621581515297
-2.63257092842832,3.38316297577694
1.8029115954414,0.815066560637206
-3.41679932549596,-6.53994399309158
-2.92269398691133,2.80130866216496
-1.19724478572607,-1.85373828979209
-4.46404053131118,-1.35317219700664
1.5279678828083,-6.69481645477936
-1.90830884408206,-4.19684863369912
2.27195108775049,-1.46663113404065
-0.980204653460532,-2.62782254209742
3.30764273693785,-5.0261179455556
-4.22428655764088,3.45648114616051
-4.49585740501061,6.40670802304521
-1.00206918874756,-6.71031322656199
-4.38740759529173,1.89068772643805
0.749041233211756,-0.598057293798774
-1.71003471873701,0.373873994220048
-0.0928055951371789,-1.85376648884267
1.65405273856595,1.27034006267786
-4.36563896480948,6.52685047732666
-2.57164794066921,-3.66420837491751
6.8112259330228,-3.13125788094476
-1.61303379526362,6.3962877355516
1.90057288715616,-2.17707974510267
-4.95033395383507,4.1956036281772
-2.26690839603543,-6.56364627787843
-1.83952012704685,0.869101319927722
-6.51578404335305,-1.91815813910216
1.79433497041464,-5.89783344557509
0.754307502880692,3.38140487857163
-5.01766580576077,3.36121015669778
1.90977121796459,-0.0878866030834615
1.03267285134643,2.76264941319823
-2.34751923661679,4.5689132893458
-4.94615663820878,-0.114562748465687
2.21660203300416,5.53990687336773
-2.60271366545931,2.9118887600489
-2.47983025107533,3.79349914100021
2.94789652572945,-5.1730409511365
4.41374806081876,-0.707885124720633
-5.78164373803884,-2.74928651191294
-0.440632037352771,-6.77752968436107
-4.0058920038864,0.607532712630928
-5.89165105717257,3.15373833291233
-2.90812969394028,-4.30025398824364
2.80954651068896,-1.99584835208952
2.0122089125216,0.543561763130128
-4.16234165988863,2.50855104764923
-0.0069468691945076,-5.23391282139346
4.6165197212249,5.6007991489023
-5.73800489073619,1.00540051003918
6.11635138606653,-0.753379750531167
3.61895990651101,-3.4599775057286
5.85571530321613,-2.92524187266827
5.50528736738488,-2.12780127022415
-2.50115054566413,-1.75628391932696
-5.41700739879161,-4.57233355939388
-3.45708523038775,-6.06453478476033
-3.50136817712337,-5.95652258675545
2.25209866929799,-5.95746154570952
3.00316254794598,-5.97357876831666
0.230372366961092,-6.27988043148071
1.72474813973531,-5.30808812426403
3.0216414402239,6.40974823012948
6.76656798552722,-1.06896383967251
4.60622943099588,-1.36077759601176
6.01624429691583,1.12535996548831
-5.8447109228,-0.358931636437774
-3.85539606027305,-1.20409005554393
-2.86665328452364,-5.78877700911835
2.54960135836154,-5.45306812692434
-4.91032141447067,-3.39859003387392
-3.66231759125367,-0.925890615675598
0.80490052420646,-6.40419531194493
6.92773704975843,-1.31165633304045
5.59368930477649,-3.60256329458207
1.81593313533813,-6.21727327490225
6.14685831265524,-5.26069704955444
4.44535278808326,0.986239863093942
2.26837684586644,0.710535861551762
-6.53813765663654,1.59811895200983
3.55532900150865,0.978036413434893
-2.34599968232214,5.42326134257019
-6.90397073933855,-0.572456698864698
5.98839313676581,-4.3803612748161
-5.59278189903125,3.05827220249921
6.77589225210249,-2.42980858078226
2.71237792493775,5.22434481605887
5.81189857143909,5.42315450496972
-3.53956399159506,2.60633780900389
5.85062858695164,-3.82967107789591
-3.2674618344754,-1.1459875269793
0.524052404332906,2.68670143932104
-3.86616757931188,-0.794679279439151
-3.00286640087143,6.33570831594989
-3.21523862052709,1.58964545186609
0.766904482617974,2.99925190256909
-6.55064878100529,6.08568208757788
-1.94430052023381,-4.07229392929003
0.26194408396259,-6.48762178095058
-3.70520606543869,3.42501812148839
-6.28248669719324,-5.5793483518064
4.40055350633338,0.782088039908558
-2.53688121028244,-1.50333212828264
-3.8170554889366,-2.87001506052911
-1.7864947412163,4.28344552218914
1.99948503868654,-1.84691639151424
5.77877290453762,4.77404913911596
-6.63672625413164,4.57617182470858
-6.44894815701991,4.82644151477143
1.83765860181302,6.07202748535201
0.684195363428444,2.80900165718049
-5.18404312478378,5.4350329907611
2.37044112710282,1.40977355884388
6.20814758818597,-0.266953605692834
-3.27262400463223,6.16924572177231
1.45283413492143,-0.26984132733196
-0.902009898796678,-6.27674329606816
-0.478570843115449,1.57099111983553
-3.0105157494545,5.38589944224805
3.84177930234,6.72953868145123
-5.89364140946418,-3.45986324595287
4.87553703645244,5.28285486018285
6.35614164918661,-5.79089716635644
-2.54091351805255,-3.22836855938658
-3.52287079254165,3.93436185410246
6.33257997175679,-0.956468579359353
-3.26112961722538,-3.65156714897603
5.31570553174242,-2.06339723337442
-0.921537475660443,5.68219107482582
3.40506405802444,-6.53203544206917
2.59928827127442,-5.15820812014863
-0.0610348517075181,6.05810559354722
3.28206116845831,3.54031535238028
4.90260884538293,-4.22355011291802
-2.33820949494839,-1.02889908431098
5.37734998622909,-4.63632204895839
-4.0290935379453,3.10728717548773
2.96983066713437,-6.34721208456904
-2.49726424971595,1.07015177886933
4.89930556016043,5.35246755927801
-3.02294601220638,-1.94745344202965
-0.317309016361833,-6.82059939065948
3.62338447477669,5.40069402800873
4.55281975120306,3.11178880138323
-4.51333533041179,0.807848053518683
-4.76708736363798,0.469942702911794
4.00562076363713,-6.14354788884521
-1.93004880286753,5.52986113354564
6.00873829051852,-2.20419547101483
-1.78284679912031,4.8405476831831
-0.889675224665552,6.79394059628248
3.31644662981853,-6.2215168424882
-4.76867031119764,4.04022108344361
4.29108454752713,-6.26719980640337
-6.63416070770472,4.01337842317298
-2.38378523988649,0.387442261911929
5.42100922577083,-4.52078850474209
4.94034291384742,-5.03630547923967
0.287424793001264,-5.38129947008565
-3.0338164512068,-5.85035884287208
-5.75144404126331,6.61296146595851
-5.68564057722688,4.72767591616139
4.47657095920295,-5.34926489228383
5.1377330343239,-5.37348308833316
6.0286658629775,6.98359835520387
1.28058836562559,-3.07713940786198
-2.91920458013192,5.82292397646233
-5.90817857906222,-6.73427778761834
4.17103944858536,-1.40915545169264
3.80281498795375,-6.83935017185286
2.18764203833416,-6.12968654790893
2.90231197001413,-6.44080763775855
-5.10771084390581,-3.44110614433885
2.04852446867153,2.39368858933449
-1.00042189611122,4.52310560550541
-1.17708207992837,0.93016043305397
-6.18055445700884,6.74177214084193
4.87272670818493,6.48026982787997
0.669036530423909,1.70202056551352
-5.38073727535084,-2.71295614400879
-3.45139483409002,-2.09595384076238
-2.46514305379242,1.56480727111921
-4.44157626666129,-3.227240039967
2.16134702507406,5.73074336629361
2.62221585959196,-6.93652795953676
5.7762266844511,2.96027000248432
5.55107169272378,3.41624791035429
0.582071730867028,0.170166500844061
4.88159224390984,0.586968547664583
-1.66785314073786,-1.82259722519666
1.27373625710607,-4.81252213940024
-1.25674812681973,-3.52572690229863
-3.87002615537494,3.26114995405078
-4.65000498062,0.942931115161628
-5.40062839537859,-3.9622141616419
-2.73462903266773,2.13482250133529
-2.691445405595,5.28705625142902
0.878301352262497,-6.83031862322241
4.62645540293306,-3.8129841927439
1.1494886293076,6.60619448265061
-6.55514968000352,5.02310940250754
-2.30035778321326,-1.72905006445944
1.57089663296938,4.47344675799832
-4.34480271209031,-2.39229656150565
1.79000446852297,-0.193058145232499
3.62262507900596,2.91796818003058
0.590779233258218,1.46421918459237
3.72512817149982,6.4465222498402
0.207869309466332,6.04591206135228
-5.84514394169673,2.31306079216301
6.86502158548683,2.03264806419611
-2.87732023792341,2.94791990378872
-1.80902746459469,0.861801286228001
-6.37439858354628,4.36365671921521
1.7104781945236,1.13423619605601
-2.60293424455449,-2.9802981344983
-6.81021438213065,6.09645308507606
0.72200749674812,-1.82073607807979
2.71113530220464,6.19492412405089
-5.19538003299385,2.18071240931749
-6.62383196689188,-0.211982521228492
-2.90663602761924,-2.28648372972384
-1.82618325389922,2.34413491375744
6.62100277189165,-3.64065614063293
4.55026221694425,2.38344214111567
0.592934173997492,-2.77963577350602
1.30444218404591,-3.05935263913125
-3.06677602045238,-2.85738007025793
2.85367883974686,4.59435853688046
2.32856532838196,-2.77475923160091
-3.07034736126661,3.6696645244956
-4.5852088984102,-5.43558914540336
-5.09738394478336,2.73330055456609
-3.40071449382231,-2.53831605659798
-6.52393952431157,6.32817350421101
-4.75953201623634,6.67777928989381
1.31341311335564,2.33680884540081
3.4851286499761,3.90682398015633
1.41328441398218,1.08329811692238
-4.92562441760674,-2.64641998708248
6.94610561337322,-4.62481240322813
-4.70602125860751,3.46262184716761
6.00549387419596,1.89382524974644
-5.84425940550864,2.63207517797127
-4.52839877037331,6.93220038805157
0.183155418373644,-5.26472726464272
1.72302474780008,-0.18300785170868
0.720374918077141,-0.574598167557269
-6.14467658102512,-6.73531819274649
6.37142799887806,0.557570964097977
6.75287440465763,6.24471827223897
6.11730328248814,-1.97157168807462
-1.49434243328869,-5.79547899216413
-2.59424618910998,-0.487967395223677
-2.31103755021468,-5.79055606247857
-6.46320299059153,-5.03644302254543
-1.21754975803196,-3.10754997655749
3.13611900154501,0.121961741242558
3.11119734495878,-2.46662122709677
6.72611219855025,-3.59838774893433
-5.93983476283029,-4.20844570593908
1.50785366399214,3.03079967433587
-4.25650758622214,-1.7652878491208
-1.2869841880165,4.95385820278898
3.08982897084206,-6.22059249971062
-1.05089958524331,6.38849056279287
4.32083060825244,6.2450735392049
-0.548841915559024,5.620229259599
-1.05215235194191,-5.4907117895782
6.42438361560926,6.8930860622786
5.06652700575069,3.39600286306813
-4.0723749245517,0.879706666339189
-3.7055463870056,-1.26372234756127
5.28260427620262,3.07972760219127
-5.08015182474628,-5.79295949777588
-6.29084771405905,1.76914212899283
-0.812172345817089,-5.86533461837098
-2.07459002686664,-3.41351747885346
4.42829921096563,0.65946510899812
-1.99635686725378,-6.36295237671584
-2.58124540001154,-6.36485027614981
-0.327452838420868,4.23680275399238
-2.43178057158366,2.3844667240046
3.70376016898081,2.44652314018458
2.58634887076914,-1.83353972807527
0.467430418822914,-6.43506385851651
6.57178218476474,-5.53783639939502
5.10257784416899,0.1620604977943
-1.56038639275357,2.85242835478857
-1.31415227008983,3.26457794941962
-4.29524876922369,1.07916596997529
0.593730498105288,4.98932592617348
6.71878070291132,-2.75105062965304
0.55391798587516,-5.71197901200503
4.62071795389056,-0.239196942187846
0.0431529670022428,-3.52165654813871
-4.32365120761096,-2.52268982538953
-5.39104557828978,-3.70358915906399
5.0909392638132,-1.9340043887496
0.675222520716488,4.50187625130638
-0.287577819544822,1.58168160775676
2.60091389063746,5.50293645774946
-2.26691595185548,-1.04604809032753
-1.53480053134263,-6.39581221109256
-6.92206865269691,1.14080817857757
-5.74456854816526,-6.16161371767521
-2.02602540422231,5.44410493923351
-1.17063284851611,4.29984882613644
3.51163916382939,4.34770205430686
0.933485825080425,0.580652798060328
-4.13207314256579,3.66625229921192
2.5874818363227,-2.03120239591226
-5.7737630144693,-0.105554095469415
-0.38027358148247,-1.3789776628837
-0.922865816857666,-0.508947443217039
3.25708484463394,-6.49871592177078
0.11366463592276,-2.3127089869231
6.13390147965401,-6.13034358154982
-2.2897408651188,2.99656272819266
2.25739819044247,-1.49336522258818
4.03497603069991,4.84029472293332
6.8871120554395,-2.80247606569901
-6.24468223052099,6.47334191994742
-4.36519624851644,-6.65431681275368
3.21893125865608,1.94303299719468
5.17998560052365,0.242551348172128
4.38003162201494,-6.62525989301503
-2.97777598677203,-5.04936700826511
-0.727506490889937,-2.18134935060516
-1.44226575922221,5.36446515191346
-3.59572432562709,0.131169687956572
-3.67652830248699,2.32042313041165
-2.54309286689386,0.00219612941145897
-4.59479784034193,6.16392700141296
-5.71574838180095,1.94286053348333
1.74854381941259,3.1032077530399
-4.75927527155727,-4.7544067450799
-1.66713115572929,3.09808181691915
-6.5683534918353,5.75018114363775
-0.545388625469059,-3.02749108895659
-1.30226478446275,-4.19155406067148
-1.88729783287272,-4.87475214386359
-0.0358338383957744,4.58654474327341
3.4193682228215,1.49211360653862
6.26472197333351,-1.58181493962184
0.946223135106266,1.71116688894108
-1.87140953727067,4.4264846178703
2.65385573217645,4.22536197770387
-3.30998585280031,4.64756240695715
5.6363214678131,5.28956274315715
5.36365506565198,1.80155494762585
2.57164157461375,1.82906830264255
