0.0620217446350326,0.233133543124894,0.170895932507367,0.0219131179925122,0.0188397663543167,-0.239707518907932
-2.21093439427683,1.44644912331763,0.0457331434922867,0.219001953463423,0.023969272572266,0.0322426930675423
-1.5208133316088,-1.21722625470807,0.0569942245020776,0.0965892772856256,0.225883974740262,-0.0193127546359444
-3.14220666944549,-1.19072384206663,-0.200116163451809,-0.192454907160828,0.0892281420858762,-0.0873898410639556
2.11973600237603,1.33833025681098,-0.0529071194626622,-0.221688898864231,0.369853098451649,-0.184129649024824
-2.31785114678027,1.24372941907089,0.0616401923287552,-0.163674054526809,0.139226589043181,0.0887784352976493
1.22054613317155,-1.09372341516177,-0.0712297889544655,-0.175736367266609,0.215605682409837,-0.70096747522655
-0.148616587060435,0.00745737831513882,-0.0613766483228513,-0.148571861684122,-0.168060002085695,0.0559878861763817
-3.19213298087247,-0.606249016552653,0.259891457476959,0.0129972053535558,0.16396656904624,-0.113407228101642
-3.47449163766659,0.0503858879857633,0.252131650187917,0.131275579552932,0.00635374899468955,-0.0634790097667476
0.0454991048374178,-0.369561859323655,0.119756682700665,-0.0122098523277853,0.0211560433350266,0.275477769396194
-0.33605522500928,-0.714911839569118,0.0942989191040156,-0.0920209611092709,-0.227289973723356,0.0334371116660668
-3.32384374059397,0.31072772367237,0.268569545054946,0.151018254053459,0.338252173459511,0.442284041236878
0.784912339327543,0.970003879031774,-0.181046842268945,0.0790354779891962,0.0235923984157454,0.0354315312051755
-2.52215044060845,-1.29679258127085,-0.24269520623795,0.154608956207345,-0.125015333436848,0.170815365389643
0.640118389871616,1.04149554164804,-0.44840800718133,-0.0858640649318836,0.197097114270779,-0.149906895695786
1.85307971194609,-0.857269618170104,0.165014325141564,0.0540554452466549,0.0343129428783299,0.300182219927065
-0.782703334114291,-0.985630362264807,0.00679101965841043,0.0224916149105751,0.389160981009938,0.190335017103338
2.1802328857281,-0.768952256598848,0.33590730236791,0.248150095982368,0.445464725641168,0.0605060607449043
2.61920131331006,0.573083061436344,-0.0189003546388703,-0.16919575284272,-0.206362843064863,-0.169754239892336
-1.15252359373457,-0.969230816293482,0.0905771509601452,-0.0515372827878939,0.329252170349663,0.0290253067423028
1.59937644512217,1.0250318718985,-0.25223758173822,-0.0671929211770693,-0.426043010080167,0.208491961119015
1.0249872750364,0.828205679967918,-0.105992267784017,0.167224406091856,0.536672803751227,0.349870921282847
1.72341877477474,-1.09264829867804,-0.0261508162407916,-0.211742276374239,0.161464325461476,0.426860249483024
2.03149211223738,0.587559031260789,0.156342430765058,0.11157195788219,0.0798017627554509,0.11716668288962
-2.32903942452748,-1.09801823272179,0.00803873915890183,0.0328310993841763,0.201499190166765,-0.151258546914451
-2.17592174420517,1.04393200283487,0.0208743554843718,-0.136486158710879,0.0701253807573091,0.104127685962688
0.788570398759837,0.796099063815533,-0.214059132483001,0.251880675100324,-0.124597657497438,0.52434884766572
2.16844037986124,0.581895435902615,-0.347455639772379,0.0853945949045601,-0.0202117205706218,-0.103896230275092
0.118486854633816,0.233286945504756,-0.427341484270792,-0.0714305929869502,-0.165486335098753,0.215870198684332
-3.0064271349845,-1.09442828583845,0.205736016505548,0.101733024158602,0.0327638858817599,0.0488240497839328
-2.53258960683686,1.3758295356094,-0.203396762247372,-0.107812719700793,-0.293664713549736,-0.0493510221968803
1.04587770600316,0.469353667561772,-0.367912723104556,0.266888757917608,0.138978173099888,-0.0509122299463117
-0.586894478483397,0.878395613638836,0.311998137054267,-0.312028802435304,0.326622396288895,-0.128096639638502
1.92492274547477,0.676211536893254,0.360740086031189,0.0235709697913854,-0.0212677014797685,0.200592890984502
-2.14428229448442,1.071549817335,0.0255961271836085,-0.404965456011594,0.108150151495578,0.448601794867051
1.08862130598957,0.857287010146395,-0.156000055484654,0.00713454797382284,-0.12694236068478,0.357413270075697
2.17043450178094,-0.7946867964738,-0.151916231791441,0.0154804751572562,0.0560375237707811,0.0242468549510277
0.880284378114834,-0.671295985380175,0.0443687947833397,0.110597028215029,-0.165880004242496,-0.318959644870516
-2.48290459098818,1.49060481380398,-0.012051517658683,0.172208521072128,0.276342756749023,-0.174901052776331
-1.09911883500505,-1.36233852135917,-0.423689069660492,0.489093809168242,-0.0165256335144499,0.240119382522842
1.21660224068574,1.1492023803293,0.223146189344597,0.106810342029657,0.135184951367371,-0.177309532002299
2.25801520488293,-0.972090637138308,-0.210284936868314,-0.16520824211096,-0.0890977427705025,0.0141420565462756
0.383578001316857,0.52757097142587,0.429536644934383,-0.0496735571863289,0.354842892801593,0.282488562501251
-2.88019853085939,-0.81196950362332,-0.130887498374951,0.0221002245667074,-0.00815569451639788,0.14750496679967
-0.336034683268366,-0.405219049864211,0.252782347711858,0.211729342566886,0.156779817437371,0.174524019030431
1.84707665259225,-0.92046353943919,0.335926266252239,-0.207035716514379,-0.106343124905979,0.255413721540551
-3.4227262136171,0.595745670276735,-0.0586451331769768,0.12105979477682,0.00286402918468088,0.0812388626370433
0.72362597970139,0.658705296666788,-0.354162108528185,0.297779199566188,0.377184920008366,-0.0545892960739691
0.0717581225526518,0.0177180863053441,-0.293446300257296,0.465039387625712,-0.06522819367415,0.14070081596326
-1.04276126394168,1.06480054058868,-0.0108256047889411,0.161512083947303,-0.0413902634940115,0.185345023946735
0.207619102147472,-0.204781959981787,-0.0710104508159599,-0.247340923006759,-0.0817587667223427,-0.0300288713983719
-3.51442470911747,-0.0429772114577291,-0.0515527588686112,-0.177813962337089,0.195934817689641,-0.347796121035383
2.38215872696692,-0.753066178710463,0.102623094240816,0.422191998930317,-0.00361502755294058,-0.120009156109898
0.243736338093578,0.22066684668477,-0.166186988551045,-0.109780551243302,0.166281065562668,-0.146031351314725
2.64056801550581,-0.143085655884864,0.187257592663785,-0.0842419665048385,0.00698548880532868,0.209631537279919
-0.061867128449538,0.35194812146582,0.335232160675951,-0.002393605519711,-0.0406982711942239,-0.109562267265394
0.862641371556864,-0.392340876043753,0.129996375359532,0.00119773005610643,-0.0748372767108195,-0.200845866729025
-1.10599740045894,-1.00021769706672,-0.0200965680092812,0.1809799693081,-0.0745235498893483,-0.218407704604787
-2.84634051041934,-1.35548879533965,0.0124409800846889,-0.258527730043392,0.000599105941666191,0.0872869569367766
1.88563679170363,-1.26610945196281,-0.159797842702322,-0.0855860022980711,0.159453714093172,-0.0241945732550186
2.66593084865903,-0.33582533756356,0.0104127188473228,0.151527877299348,-0.0463899141229765,0.0226919726094794
1.95370372707915,1.05548417307917,-0.13030480771958,0.22414293461957,-0.0959417065468332,-0.120148219530771
-2.07551499712369,-1.25198641161167,0.0936032998436276,-0.087794876538307,0.00922645496101102,-0.194432423403876
1.92388218134931,-0.541281486664926,-0.311071922448855,-0.115757648730229,0.0765104010116371,0.43947205577926
0.605692084411858,0.148991100917767,0.161353858529326,0.110230844885358,-0.140135824086393,-0.137669908877376
-0.287613402041887,-0.351319286942029,-0.166016507365155,0.146661180223153,-0.057840269662825,0.156348482912929
0.414152833761924,-0.180525819902464,0.247723110433059,-0.0360325357359927,-0.0105082536715284,-0.154347682896378
-3.16858191638441,-0.241481294600115,0.0969398232640279,0.244166923388277,0.176360491226014,-0.147075466218038
1.93203918786139,0.599413887512314,0.0169980525474622,-0.00633333406099305,-0.0911485714139234,-0.0338586402904065
0.849447320431418,0.749974210135193,0.00603536721259467,-0.16171440699988,0.115566033395825,0.0179396091445442
2.14268654292777,-0.819275570199777,0.342470443380981,0.0640205398754678,-0.0790406034261377,0.00546936158443326
-3.56164238597839,-0.0807419162988307,0.0161820175322478,0.0594142731323605,-0.0279511750489578,0.348824151178626
-1.68610955506568,-1.62430843507903,-0.325920282900245,0.0849836201214852,-0.30593126837057,-0.0528335454257735
-0.591604436659698,1.27103756884914,0.118125999052353,-0.163553647402551,-0.0807605521255267,-0.0273955922190976
2.39542652564277,0.626048973047379,-0.0238785393188404,-0.11388727262961,0.127443128876294,-0.284075722241871
1.95649612860043,1.01781330560083,0.130196560094788,-0.0236906796105192,0.0996777521193736,0.274679450461509
1.65318859334557,-0.754065495272485,0.203004807172118,-0.0661394332862867,0.445514030771961,-0.288939492310514
0.809558385714802,-0.793653161775049,-0.338797745242659,-0.0992064406432553,-0.262805001487766,-0.193604582270499
-2.87632519645319,0.854777301212045,-0.244571498470243,0.131015010818267,-0.389287103666134,-0.269378707513674
-1.86212445705903,-1.27453612917983,0.245380509386071,0.275820787909974,-0.157770239595722,0.0998103821572436
-1.69084523438661,1.25081654079693,0.0424234321400253,-0.254832564580399,0.105197319787496,0.0535064355277132
0.82286761738761,0.607778840240226,0.0727972883325934,-0.130261950921411,0.249141727103688,0.201981396998547
-2.82527352789937,0.900528967552338,-0.44057774351937,-0.00343998016382902,0.201718424626665,-0.342247778933187
-2.31606653791262,1.69979245916317,0.125623214058462,0.0289168344206852,0.117489715590688,-0.0238718656062498
-3.31336703109961,-0.887526324589942,0.018026499611524,0.206232838833763,0.151220756998516,0.0708626322124103
-0.207824813127837,-0.106497714585725,-0.27383664108138,-0.194994947678218,-0.130102865795613,0.28006401007255
-2.88914542428175,-0.796384705946168,-0.0013204688607521,-0.0709031813433113,-0.056808872981291,0.0682394297821591
-2.75317833408831,1.17001097067727,0.0427652806760791,0.0666272330131087,0.00426687098075555,-0.222107192339499
-0.897951279744072,-1.24634272232783,0.0343029560278385,0.0920036652944046,-0.0803661084468555,-0.0624030642594248
-2.64126102171366,-1.39390579301616,-0.509219046234587,0.0123035747391455,0.0158051772662238,0.143085945186402
0.509893051591132,-0.124500569473831,-0.367263645587169,0.122293026828271,-0.168961847140622,-0.00957175342229309
0.796501877485572,0.605689878330528,0.354650364424907,0.195945158607287,0.106372425638534,-0.453595775583832
1.72112649867365,-1.04536689200791,-0.422635702919234,0.149187016041788,0.0834646224501826,-0.205009193484385
-2.85295926557011,-1.38293014170592,-0.183546672783021,-0.0835048830448873,-0.363845784987828,-0.0734841087728848
-0.836730718210362,-1.08921416995599,-0.180336093964716,-0.232841580996615,-0.153594118311795,0.311476621905293
1.21360673578564,-1.44725183197862,-0.0230833775903221,0.10226664666485,0.0193067836567621,-0.273796383988117
-0.771903641124366,0.68475663246302,0.245006055379247,-0.316739915368013,-0.0329122631859433,0.188917475129695
-2.67712877698091,-1.14853919013247,-0.168584867146507,0.243977155468965,0.00425008016024425,0.0302421933481238
0.897761318029332,-0.984303873400889,0.287140915072231,0.0852960042808761,-0.00347547179807501,-0.134866440384471
-2.45465326165704,1.22913854697974,-0.158647223234967,0.113369117498177,0.130014674702023,-0.045476303919657
-0.821088360121002,-1.04796911699834,0.0460574253771681,-0.103161070407602,0.312439158766267,0.158558423106571
-1.44480931505721,1.18885101131456,-0.159553178882643,-0.0104773992938343,0.000666130498550828,0.0339235913165746
-0.139116594405898,-0.00860900450958513,-0.085237803946846,0.415149089481436,0.219276749083912,-0.126597088982632
-3.80488284673105,0.21727158474049,-0.162334243105898,0.0783871716176896,0.0161168969269714,0.101374410560196
-1.14316130824106,1.09177487042601,0.0589699673800435,0.136727272633044,-0.0419465338179438,0.0308081454025925
-2.80353547155865,1.47515408313568,-0.207133981003279,0.302441961498329,-0.0559244600988011,-0.00912212143708701
2.42513378307805,0.47328990214526,0.182651438661802,0.0526188901098429,0.250815944374523,0.345406741230106
2.36383333785948,0.879772456921324,-0.0226457694778542,-0.38233234533564,-0.269022351241938,-0.113435315794826
-2.43900012334864,1.11232952096052,-0.361982002818614,-0.200040370525026,0.337041165488783,-0.252238206570502
-1.89917747299787,-1.25179498050498,0.0455675622650766,-0.28348243523836,0.0653878528473219,-0.183042426176689
-0.561430210709211,-1.10852769805658,0.00575620983529461,0.146401034816303,0.12592186792742,0.0791913331286528
-3.17671622927045,-0.137131747948364,-0.18400806715056,0.264565378426554,0.0592846945731566,0.498763999821522
-2.20553888215039,1.71216786722996,0.201054150634182,0.274745322443371,0.0376349155285596,0.241732154797502
2.73975069966646,0.708879986404668,-0.219810563011146,-0.107072377570603,0.107382179227464,-0.250326822420369
1.18896970155624,-1.08146984057193,0.222206148264819,-0.0222144632208652,-0.295304432504444,0.0900174226503299
2.62553690282365,-0.367061606317588,0.137139028659093,-0.215978938093644,-0.327934985544155,-0.0270914716125551
-2.05109915851012,1.40527111953535,0.0663582614957978,0.0777933407620271,0.0999108121621265,-0.0275621996339511
-2.35094547634595,1.6105968708318,-0.330801901411669,0.0417003769877782,0.136082808535365,-0.29981948502887
1.24760887370977,1.3940175046966,-0.126153182184167,-0.114831202183586,0.288007730189739,-0.0396847637880116
-2.42847242586376,1.4298620574619,0.0866221554861073,0.0614034831422354,0.116997013836742,-0.143333780587522
-2.21031895135452,1.44054701408872,-0.0551003610875341,-0.176126000003047,0.273313140756781,-0.055593517506162
-2.29668518474799,-1.67293326069246,0.126880235180902,0.212052248725211,-0.229042404917787,0.21882980994462
-2.20128113607138,-1.28826695147982,-0.260168586070241,-0.0321878436527232,0.0145351277049417,-0.119384018809013
-2.98752394787484,-0.095890435259165,0.195741123847166,-0.133272753482982,0.0472128225560036,0.11689003917695
-0.551075576661911,0.631275429426249,-0.246036666879949,-0.134886187955263,-0.272250423476687,-0.183849379109897
1.6902251168167,-0.725192176399215,-0.0252063636214679,-0.114767757502661,-0.207585301001905,-0.210557789581887
-0.371184566270031,0.256421712086631,-0.0261136278820774,-0.2199062255695,-0.196485261581382,0.0659278510295241
-2.40969192255971,1.16720867701208,0.103502666859486,0.208251315658759,0.162615287810483,0.0133719188867735
-1.92729567396274,1.38502040889043,0.21705474980196,-0.163896708982092,-0.313001735990796,-0.14654392401195
-2.48671686582226,1.13284346585685,-0.292300005137689,0.0582049752357449,0.484274202508557,0.165160548209064
-0.180716046826157,-0.0840587567865131,-0.0996704926201202,-0.145453505937407,0.464373419928978,0.303258652700262
-2.27642154644745,-1.98543743065826,0.112390637685312,0.132432100665934,0.162930114570476,0.150080780089637
1.88346806865425,1.09544425890104,-0.0570143855407286,-0.106640887058235,0.314720839276499,-0.0115079822570476
2.23012769976614,-0.664841863582642,0.0957340499506462,-0.0874208434336616,0.0348994774271229,0.24144363970336
-0.725040510356592,-0.664965512200104,0.00807709436852863,-0.0409596299782158,0.141504444769993,-0.332865631878744
1.44983429283366,0.742509844109111,0.0994710748330643,0.248763013997241,-0.123520387758012,-0.118034760512012
-1.16760722843888,1.41604613657018,-0.37516020388937,-0.00642443346772047,0.0744216308581833,-0.0977706301373912
-1.06561760437304,-1.0564120075799,0.273630080994774,0.246776356274837,0.12683162965073,0.235460309808632
-3.00730064060623,-0.89727524296007,-0.0704684190503189,0.212364884117605,0.00900738316428838,-0.0430284062607526
-0.242216937680668,-0.0949056318532971,-0.0245896270017106,-0.344668051041897,0.144081989659758,0.0543185046999072
-1.06540015229416,-1.34667613780864,0.178558109209873,0.106853209802182,-0.0522222484960525,-0.206027262982923
1.97698436141817,-0.860305348747131,-0.340161747317987,-0.528589813981388,-0.383425931890878,-0.167854582496728
-0.521818768488121,-1.17963143313193,0.0681907995956086,0.0841055578696306,-0.0729019333873877,-0.0155293422811701
2.26621042837083,-0.845788860833371,-0.205611100113988,-0.1653631412277,-0.0361406271267308,0.157950112527746
0.388976823108363,0.0915841392140706,0.0142696304106464,-0.256770999124481,0.371211909796775,0.0722539367413003
0.956550923388477,0.800589891031728,-0.131289659384862,-0.0170590468670357,0.0273399812153302,0.127914394250478
0.813361215333623,-0.80734874094738,0.0626995761250665,-0.080046957898079,-0.100336221346816,0.159699106459304
-1.20998921857569,1.13564198796442,0.29099880154587,0.0614493507170912,0.0508236060873176,-0.124301881679506
0.0531222825543152,0.0783145715300765,-0.147411458693564,0.0421606169981325,0.107965279263427,-0.119704713351158
0.465989326263441,0.397933285069111,-0.190436535043578,-0.197253978573526,0.0402807265441876,0.272660911757242
-2.41717749462568,1.21439464480498,0.0879057761017792,0.055142776601045,0.271296231438406,-0.536785592309377
1.37859417132437,1.06966590901781,-0.2843975541214,-0.0672601507314745,-0.123472681417677,-0.134904119373731
2.24267975322513,0.469819069615165,-0.129717896390119,0.0782372200883094,-0.207867695430426,-0.0796513517953167
1.17952866957023,1.44755425224725,0.0993716689005356,0.601883188667825,0.259334903216499,-0.0417486693835607
-1.45504648088952,1.66498149372858,-0.264365709136181,-0.408387747327053,0.153393048211134,0.251551589459949
1.84969571737988,0.769845720209532,-0.129985350121643,-0.0543220572956802,0.204389217310484,-0.0535653215717964
1.38545996341297,0.722062663541834,-0.206086252880082,0.267226711883496,-0.0927594119648571,-0.115042992801598
-0.345895438045671,-0.299978946656625,0.0484032725035692,-0.175043594435547,0.24218987766628,-0.0201667397479609
0.22307022736394,0.113746391461672,0.140985910017106,0.131988698752642,0.345120203145106,0.0659421701528817
0.826538009390926,-0.943217951149878,0.20378207646973,-0.444384389729447,0.199543332413976,0.0931574494770519
-1.07618060179055,1.02868410965366,0.23394977518635,-0.12182557075159,-0.105541694349399,0.271843034251793
0.504953018704538,-1.04607527658482,0.077442939917225,-0.291955080499533,0.0753328404387599,-0.193895464675429
-1.40589386351858,1.24529142333449,0.299567215394283,0.0564909552724664,-0.00314132827210884,0.000746292582664691
-1.66427969009124,-1.28780004589869,-0.152144544920164,-0.0273310817831178,-0.00525039823178191,0.279319079230075
-1.26840392662141,1.12272253889768,-0.114730600978718,0.121410917027021,-0.130237713772008,0.271812879190896
1.02828935047521,-0.843948501383998,0.0801027184668703,0.0180229806796035,0.27622575005642,-0.00169493546911814
1.9078141930872,-1.31512791403586,-0.545438760882561,-0.303088059537632,0.228137232749884,0.00199556458813983
-0.757243517842888,0.632908052492464,0.223035034584321,-0.211457451393622,-0.140015927607572,-0.154009344889105
0.442717671509049,-0.0223590340459974,-0.205511460369198,-0.190675772928109,0.345019107798998,-0.00593567018273967
1.61180837773827,1.359023993924,-0.00574565458244139,0.175937877399739,-0.0997143937761996,0.0830583076801778
2.54239295169527,-0.0326818248991822,0.215603943396758,0.0654621679530131,0.208730762848617,0.0869619738668127
-2.06268494414991,1.63536276789281,-0.104391587913929,-0.048256316580754,0.0144533391072096,0.0155181821983547
-0.01697097918011,-0.193140148873402,-0.266279776697038,0.117765198256975,0.0784022042300091,0.0355368182880152
-3.08507767346036,0.0462466540072233,0.330751298702549,-0.0878529884276348,-0.0903828155100648,0.05894292880266
-0.861911555065656,0.50440722183084,-0.116004413333761,-0.4274478008838,0.110649096884995,-0.353622357825408
-3.17431586755334,0.80721697900245,0.155398109300409,-0.0876715282809354,-0.322823922711915,0.00608661318645142
-0.193170983054172,-0.115687664545952,-0.0723860711237399,-0.138125632998823,-0.0113981812772028,-0.0691203841865322
0.225600692196721,0.204965513559234,-0.0566021209990935,-0.0553363038153702,-0.133128078351249,0.126227952623517
0.77160619229914,0.290907428589769,0.148144853443117,0.00758022489046603,0.207658998356419,-0.228848209734351
0.432277293947427,0.402345141273953,0.135037632073188,-0.417005947707334,-0.156489537929332,-0.252714884114779
0.0826031794381654,-0.21401860456017,0.193351298991638,0.336800902977276,-0.174677979224338,0.301480500100981
-2.54884278823554,1.59581219277438,0.191401942342418,-0.0176301944142173,-0.294717600252818,-0.0655347435195307
-2.49895344784233,-1.30995158195212,0.100538636664367,0.0115965198374993,-0.216276276613294,-0.138563461780067
-2.65905319305912,1.14884808536942,-0.0725539056414526,0.31621374668411,-0.177880831151616,-0.0947203561503421
-3.26549933250932,0.419283237439857,0.0231309334726884,0.0851515005349331,0.200636432285902,-0.324038002755029
-0.980442384132726,1.26526281936415,-0.176922636789862,0.0415166867250726,-0.0714661408928115,0.163827864836545
2.5651871249645,-0.843063973734639,0.207327553941606,-0.319857222976131,-0.307118855567384,0.00648057478739932
-1.54057900049881,-1.47639814196868,0.188421940934389,-0.279810255400134,-0.0947794599549091,-0.144923225624035
2.06967308618062,-1.06251514339089,0.036437458426329,-0.0305674805883362,-0.26902763121055,-0.25100023694094
-3.01282338513196,1.22645012040516,0.0709880755106744,0.0998501883086521,-0.0401638672669971,-0.306373787346975
2.00735453831015,-1.10983193189879,-0.0306658521010762,0.487553560805524,-0.304575130023452,0.248761907667974
1.73831547806855,1.10573220656968,-0.119506520470874,0.313716371354943,-0.336115088196023,-0.0326220302976483
1.99408152542957,0.627364366463776,0.257050199166975,0.158209488140068,0.00100657694836526,-0.13097397912371
0.0522272413251552,0.11338396772612,0.074163280930518,0.303357592417188,-0.278202789754266,-0.194013008392531
1.64397605635244,-1.17279271990365,0.0485847687557683,-0.340556043966792,-0.077501775461763,0.131147297894997
-3.54067058416031,-0.249143061842721,0.0748144676110516,-0.083744524223199,0.075990993679878,0.154172337135201
-0.315649785263783,0.368786884614046,0.134750937289214,-0.280875705005379,-0.142577577446554,-0.216393104635387
-0.285084344923577,-0.768397502047925,-0.0817561651766885,-0.100520893806088,0.0193684021905965,-0.107068610980938
2.41907420071944,0.362869386719506,0.148756190977848,-0.0758612032946448,0.0797795956447126,-0.428822517245404
-1.05312813567838,1.13732290844775,-0.209440467472925,0.0543357537486517,0.0507106372387118,-0.16210380969591
-2.43556414225344,1.25238889914433,-0.0386609720883828,0.301151543600083,-0.00620431482606158,0.297291333752274
-1.41090689116,-1.07206796223772,-0.244940746368562,-0.382140146955766,0.175759946784434,0.206976757267828
-0.2810307812996,-0.119124593148892,-0.0857946563664133,-0.114462161893503,0.00662363811665974,0.133837189895583
-2.26093403487132,-1.54229335949838,0.101447092128447,-0.196305935841064,0.226979720530272,0.269864234408542
0.016292281948354,-0.499656141459206,-0.448937920132992,-0.264228608319776,0.182950718275815,0.035387261990885
1.11985989428811,-1.02125933146883,-0.3126268945896,0.0690276790171768,0.0831796360597612,0.51498405309488
-2.95561702200306,0.627552949633878,-0.0266122375759521,0.039950408480191,-0.105067720513417,-0.250687511306672
2.51112371258042,-0.861119179208939,0.233111570791734,-0.272803021950802,-0.0634217992365627,-0.257449775788922
-2.58723292078942,-1.7440683407575,0.387196461407241,0.105046744878546,0.120073539045008,-0.0137103983228341
0.424910066387405,0.672852687970883,0.139485331689351,0.503127652439746,0.0930077103518934,0.336445436805205
-2.65773069567812,1.14412365389295,-0.0227961055657464,-0.212788787378875,-0.0218880036199136,-0.109715044777792
-2.5075246896619,-1.34031836227526,-0.028469795232797,-0.192270574072944,-0.00769551262274856,0.194821935211419
1.84732483547539,-1.02999038563894,0.137503199245726,-0.0723989510219448,0.0761282387019111,0.543943881505646
2.71909839212481,-0.053918302430138,0.310911072475465,-0.281996471095497,0.0201777336186258,0.136446207799742
0.388959782247114,0.265503433013793,-0.321617976918628,-0.0599709741962215,0.0450616585120492,-0.038854026019111
1.11384742800236,0.94305304247632,0.120578869499868,-0.0764456172030062,-0.206913193069398,0.0454143176902067
0.177999040315402,0.0395261666054545,-0.00030336484670854,-0.140939502969666,-0.00522447264888874,0.243650664758071
0.131685145945116,-0.133519648301112,-0.0915213279939395,-0.151729283706375,0.0840354148194121,-0.263746544976939
0.205467666675054,-0.395218481638018,0.182960265107764,0.00757895000453707,0.316999697080006,0.151066068684166
-2.34450194629602,-1.4670115266319,0.201816906075526,0.228423742535147,0.242253784941053,-0.0657781126926434
2.67111077272028,0.497956643057487,0.0579123748484593,0.328366785587001,0.120475019856924,0.00832051423770886
1.09850724491968,-0.815032497386809,0.348842114593644,0.251283266672197,-0.0923163264312885,-0.143853402819391
0.270219967527785,-0.434641104533029,-0.0827655674258797,-0.0408521555136678,0.0455702323348172,0.250399333656411
2.65521973241325,0.126111889288837,0.304673444880354,-0.0288307528530954,0.26702346200176,-0.0566950900803654
2.46783651840781,0.966606834743386,0.168401573087624,-0.340596384359192,0.177108852647118,-0.0712680298030118
0.352756294403523,0.0784581677601183,-0.00965098627147126,0.0326073936448477,0.377197652367406,-0.065814342935807
-0.421687810138982,-0.661184187910572,-0.139951336025028,-0.0195551023498702,0.274761429625748,0.0896052950725939
-3.12656234894228,0.897894772147387,0.114244520815083,-0.273673855718075,0.0704963011772456,0.0826367492214708
-1.27924739839202,1.00042887679734,-0.079792415985223,-0.346564584387009,0.109585489220288,0.0548141596028738
-1.38970707031312,-0.954438761907886,-0.247460414901095,0.0794669877673321,-0.468992570276191,-0.139701250653794
-0.270030662204251,-0.105728885532092,-0.00826939590961329,0.106591979773217,-0.359758230898778,0.298778854825276
-2.79942278979306,-0.446322759481053,0.132586776132642,0.177399731756824,0.154352505101644,-0.105683959643951
0.492454368543658,0.35526248175426,0.226107775978555,-0.300106744072984,-0.287887917842456,-0.0551422538343017
-0.00609947128738364,0.0892696487087703,0.15336227361523,0.458799675118802,0.0621610263751503,-0.349819528543231
2.06571220864444,0.730893249032724,0.188811501634602,-0.0926472256254985,-0.312189138679122,0.120793960504792
-2.64491399762052,1.40838314021727,0.160526355751496,-0.137244927511935,0.0470181156759841,-0.109778630357399
-0.219770800556002,0.269249363424065,-0.109699196554916,0.245111408390762,0.401812530745676,-0.110315056385821
-1.75353252857869,1.22787557273454,-0.0848805198301619,0.0117379041625948,-0.243948174084528,-0.2592976522705
-0.496350264017366,0.356344915667651,-0.00691109867290995,-0.100036288391615,0.281574843828435,0.0675399956455905
-0.82134468492519,-0.857796663192602,0.00181008279377913,-0.18598398877247,0.028369873010407,-0.0289452600903105
-2.16976429579247,-1.74467220179127,0.174857585652304,0.0945723642850471,-0.00407947105772162,-0.176955857299923
-3.12336113424911,-0.448817210751491,0.220690514985489,0.0107496748220194,0.187785217453183,0.169782687473792
-1.82347543241311,-1.48569969460866,0.175828447885314,-0.0898204044398041,0.0486216855334888,-0.0447199358386333
-0.032658523612668,0.579869019561461,-0.0250558992051347,-0.345409010315364,-0.138361119341808,-0.200900927748635
1.38012095198944,1.3934017277116,-0.0972318984812623,0.475803182286631,0.154539752855144,0.00959129957756151
-2.95812454288511,-0.128569105633625,0.282742263464395,0.478896092686599,-0.250124147691236,-0.0780305036733172
0.624960159274866,0.46207408870519,-0.308013982860842,0.343341707990541,0.0836545368917253,-0.287244279997754
-1.8807925332607,1.17565972071473,-0.147882493711686,0.0879233732380068,-0.271512399073889,-0.389917296978894
-1.75715714175864,1.47780425380245,-0.446091009530817,0.476969338291,0.196776244131285,-0.152135547390052
1.0000909929542,-1.23377682411154,-0.161184744159325,0.0232026237169423,0.107019855347562,0.321195899175005
1.71942624300631,-0.773628871331902,-0.151613433179104,-0.0459070405446774,0.345571906993638,0.279490181506952
1.58417155176858,0.883983900272549,0.0896024838202191,-0.198227256533337,-0.179626605095562,-0.0202121678501753
-2.94641912078524,1.07523103305728,-0.0613773979401709,-0.298742114898429,-0.354633764555156,-0.150407041704033
-3.17159030190533,-0.230962506934482,0.146105028707584,0.043227864498815,0.1182066734553,0.181107139091154
-2.3397001078883,-1.30853525811741,-0.0013914263740288,-0.179805647078023,0.199682743464637,-0.239510981006744
-0.280138703555643,0.660954246024357,-0.12504366761983,-0.311122406682648,-0.0542696544718194,-0.0686263109813076
0.31374612910742,0.476890410941204,-0.0137991879165452,-0.448405133420288,0.0632011769793041,0.00977607668858516
-0.94996614125197,-0.965496230814799,0.0596132626626125,-0.0354427771042271,0.15283530667382,0.119478372716527
-1.53436621366627,-1.42524885418532,0.00803904946253577,-0.171856327212926,-0.132600276766961,0.0185523547008273
2.38344294536798,0.035901490116709,-0.0691778550110428,0.0044548346279038,0.128845227373126,-0.0483107929589172
-0.0364702423015066,0.183064560787227,0.0592160876638655,-0.208503453565413,0.13795466853791,-0.177527289215598
-3.42824717181292,-0.0668879817564196,-0.023502611915794,0.033326048830894,-0.154447190987161,0.167741181760437
1.55558151205879,1.41899628409444,-0.0633431893635662,-0.0796094362662433,0.180082874953631,-0.0182682843653535
2.07549240050177,-0.580545880668065,0.175592818041445,-0.32402528001453,-0.0708751804026275,0.22784421855276
-1.4929652395791,1.12586862564916,0.475302373057868,-0.157339256644417,0.0368482058350771,0.0532913936959907
0.338154276996601,-0.306187842604588,0.10386055728659,-0.19718442130594,0.281753343034261,-0.0862779963126095
-0.125365790127163,-0.0652353530528278,-0.141818356046349,-0.280042058814159,0.0752162127767259,-0.0959804110445173
-2.11437978194531,-1.04287120745422,0.310058493710608,0.0424759689363069,-0.0490396158555341,0.0831583558261602
-0.520155541208449,0.574932977584251,0.405545236867113,0.0122229846453334,-0.295925104230648,0.381361104232009
-3.01326205585843,-0.962647349270467,0.0014444257056605,-0.0838554780069891,-0.465598349240246,0.0517986058508063
1.89031204715543,0.823320555311437,0.172632756110048,0.119901842695196,0.120694039222225,0.169813508497327
-3.39007304264898,0.138173517280002,0.0355567716659436,0.0176011532803751,-0.244978539028501,-0.0378188146866382
-0.509706576494275,-0.393190229277974,0.0177817569695215,-0.166711807910594,0.0997202276511539,-0.0391604630309206
2.34855320874257,0.0971752904158313,-0.120117047942755,0.148647070087755,0.109696893855091,-0.388185616632451
-1.84840121472533,1.22012935349217,-0.0351574257887384,-0.222201310057545,0.0520400923694241,-0.061218516022283
0.978614751141733,0.590638621615592,0.191440676236002,0.135200221111747,0.11725875558296,-0.0380325107211939
-2.77661614253727,0.945024397547488,-0.0433397400156855,0.038386448484281,0.0407894259071693,-0.00660220967974677
-3.5839941610936,0.621405036782133,-0.136736233906584,-0.308842621605986,-0.0954553590521881,0.00943815878125432
-1.26832201013456,-0.660464982049318,-0.0802091179269587,-0.0397833177592789,-0.121273730306796,0.0883135599055499
-3.65371055024555,-0.654762326415771,-0.161722751969219,-0.0185516145203631,0.442813603762475,-0.309022712755407
2.54575293403764,-0.262346747285517,0.275491581175908,-0.0975932744180956,0.0675603749943225,-0.206393437060096
-0.916930723974602,0.763396985619315,-0.0733448861241162,-0.20664673816909,0.170922438372178,0.0542260720757937
1.78986592136038,-1.02060523933927,0.417766124671892,0.362892380861931,0.00225913097431055,-0.023958644765102
-1.80245889983722,1.09190074378738,-0.109649958388345,-0.0524275147484725,-0.0673336180397756,-0.109366398464961
-3.30153506371743,-0.625244537210186,-0.0610762822552132,0.127251615274878,0.0231098701250274,0.0959442092937301
-1.48957086941384,-1.56105561792963,0.0571629567958989,0.29999684923645,-0.0881154547456001,-0.245209284386136
-0.752128381647054,0.432272323916527,0.18858964991454,-0.0700533514462698,0.0813876475164149,-0.00991858311171497
-2.77488509737407,-1.0262396114926,-0.0553617920026992,0.204566890713524,0.00246295057764864,-0.388943014785107
0.719790336388304,0.148712849330399,0.33454975603617,0.0653944762775168,-0.215206602747123,0.322841358606729
-1.00433271040052,-0.87511928590728,0.0555175865348171,0.118455819898659,-0.0218528470005902,-0.160591497493913
0.496116865646346,-0.229572271429801,0.163768533942788,-0.136098911380123,-0.223271939676391,-0.125106779463833
2.32352044878112,-0.416212230994808,0.365618000352399,-0.218994531514541,2.3274874670121e-05,0.109260744640645
-3.6844310855891,-0.425587775621805,0.193065173627717,-0.0924548547523267,-0.393094455816983,-0.0839915020222503
1.21769931744798,-1.09962476915459,-0.487621497175466,-0.0815051763074756,-0.0421829848266721,0.017320832817026
-3.42152463948186,0.0682818000697651,-0.0817507445916894,-0.22633653131159,0.122717098724773,-0.140430719127735
2.67644073290627,0.100677859180505,0.156932414936352,-0.294015966759814,-0.0393399013147826,0.0608355708548768
2.09951276428297,-0.690900325009671,-0.187267799649716,-0.508868912373333,0.258037541321003,0.215236652101294
-0.518401635654643,-0.731888960240301,-0.00890496456745709,0.139916354216869,-0.312484970880548,0.30758725503387
-0.943539199397988,-0.923166533084261,-0.0847277667826979,0.0715023435642729,-0.16150443974971,0.0246422316533245
-2.66804622770744,1.2699059013618,0.032277424111414,0.071946023496382,-0.262816267623365,-0.153400126989634
-2.4505704681413,-1.31906010755015,0.131632101324631,0.15529227043141,-0.120116199662963,-0.0768383964554225
-3.25805055412518,-0.861495243868711,-0.320545231868411,-0.0483839565818222,-0.199037857195389,-0.0078593752175521
0.501871035228829,0.946020194285147,0.0731485716464213,-0.147556262029119,-0.200577443879668,-0.344678286392161
-3.31968661537418,-0.625728061282573,0.18935149834517,-0.418914667011502,0.0684176564695227,0.120852447123696
2.11834451936211,0.668552477124186,0.293752845805396,-0.00376159754643504,-0.437654617216393,-0.220951761293182
2.69424634227066,0.160187907569224,-0.298366288749396,-0.161598819863509,0.027858155362009,-0.0167201336048034
1.74665042147067,-0.921344744229432,-0.424059745481964,0.0665487971434129,-0.0227360325755492,-0.0366124426356384
-0.962848208089501,-0.927748436305071,0.201559045430236,0.120030018544921,-0.0968086500926439,0.310498297750168
-0.111364152563509,0.118028132227839,0.0264951997407041,0.0939872726962715,0.10010567953054,0.180334419340288
-3.02516170608579,-1.21181951563532,0.102099840057071,-0.0643560326354935,-0.0992614602108289,-0.0706966687025697
2.74229599455692,-0.184748619038419,-0.269011517251593,0.077049773433768,-0.241016187495866,-0.190019035366016
-0.881303980098333,-1.15559052701315,-0.0838355242380491,-0.294202796980865,0.0539483783391076,-0.117063111320016
-1.64377975274834,-1.39475502552069,-0.0862498126736957,0.107948769705852,0.0968651827315933,-0.0111841141052763
-3.3603722490588,0.107180550186145,0.0661006898295191,-0.274951824699874,0.0674801624334719,0.0020336166927867
2.42719403114145,-0.136950687249608,-0.0286729413890262,-0.0611407806829818,-0.16725674273632,-0.368652626391279
-3.21423489506086,0.113249138322816,-0.528514395615957,-0.0739402175997982,-0.152965528697827,0.0486911847926411
-0.0720298320104462,0.312327243119443,0.176277058745978,0.164109350162826,-0.0314440612728681,-0.1433750639047
0.494288720940985,-0.24982095150253,0.0822652907449473,-0.0571399940815973,-0.134085386445608,-0.207741234347008
2.65850773724832,-0.0298721283110621,-0.132489044048103,0.0728420073927095,-0.108558279675939,0.196815385931834
-0.644773128609303,0.0377844845133954,0.141067551403165,0.217421585080595,0.0866436320857377,0.329502863073188
0.750401433358011,0.237684405163578,-0.243670629985571,0.16474793667374,0.306020825188599,0.14266051562638
-3.32546766258346,-0.379529429481074,0.0310587100161459,0.0923777000962884,-0.292820740450823,-0.0160926732148067
-1.5221633388962,-1.14087391780857,-0.138476039371494,0.122646468983678,0.0392016911226493,0.227644332829779
2.41962352003892,-0.71337867002058,-0.0429980571895404,0.158763125274238,0.280815325576333,-0.130841932252138
2.52822580698396,-0.224602396000195,-0.188514450287808,0.0332587418232824,-0.195278604958114,0.10408214760096
-0.881105602330791,-0.85520842689906,0.0288411267562039,-0.164888039828924,0.164627292324651,-0.03977364976518
-0.271354452547996,-0.133883132486579,0.229427343003341,-0.251057261395047,0.0932145837460415,0.295071861480323
-3.14260251454716,-1.12453811871816,-0.110363415923648,-0.0432157688839135,-0.0993885263629476,0.0605334658256662
-2.85719461043455,-1.30126557124225,0.0850044454262707,0.251096886999286,-0.181591187456663,-0.035471470217523
-0.884379610499316,0.516606283963577,0.0959388571072996,-0.48218584501004,-0.00150727096199817,-0.0873203646915678
-3.54318424983407,0.10696352018371,0.570054147930093,-0.0663048922153475,0.00178176701664044,-0.270853020219272
-2.07990836044066,1.22110105721098,0.378628313864876,0.203517405632404,0.0959277661163424,0.0254205783167058
-2.29383807091608,-1.38219690656259,-0.147169874472143,0.0961582535353266,0.163844708721739,-0.230435058454247
-0.0443482401996613,0.0162913113619542,-0.116773499915903,-0.0381054347998393,-0.0381183264240823,0.382356244907382
-3.61694891770789,0.241397207416325,-0.066065300710338,0.06195040705823,-0.0943981931607968,-0.0145126337183398
0.565039313514597,0.217857774363019,0.0658322346909571,-0.205650809693651,0.269747964309226,-0.166789682082822
-1.53291989099367,0.991094284847927,-0.048002095054214,-0.110610005793436,-0.0291553301640385,0.0272244115766375
-1.00699784989611,-1.04823735702708,-0.451177461887041,-0.00487233085850446,0.100285544324459,0.0150636217895719
-3.25193613888902,-0.108503667787896,-0.0694115401813641,0.0423785880349979,-0.123076654454283,-0.0405126024278324
-1.29187115375026,-1.07454010270897,0.0954039431363418,0.182679415509125,-0.126667278090851,-0.0259756611691076
0.658084984698205,-0.481730840997378,-0.442729685428969,0.361321708189306,0.311377788007153,-0.0665596418823033
1.00103773709684,-0.828228449589303,-0.157162971595255,0.236064908852836,-0.0364568732650156,-0.036656627993291
-0.291180786646542,-0.847831104331275,-0.0586312213425029,-0.16722213225537,-0.225895977665988,0.0625757054702505
-0.418669706315359,-0.00720427020392811,0.317849060395625,0.173875389361443,-0.2051035451834,-0.364682750182355
2.3288386936918,0.589896908914222,0.21334576259243,0.213104355617946,0.10091186730765,0.177929409079151
1.32047441538943,1.00957424270617,0.0605259622238369,-0.127968681541442,0.140028088579384,0.0342999643230322
-1.95826022583931,1.52544859155668,-0.26825537117526,0.108887656160641,-0.264656757493399,-0.0810595442309746
-3.05495612996734,-1.16463136783247,0.311477535391763,0.34764218743464,-0.139149064659809,-0.179938948792448
-1.66368819507579,-1.29987718449266,0.0304157380513289,0.234458102197241,-0.0476159151872296,0.353014848113035
-1.3929327163827,1.46081068102144,0.228015599114533,0.608985745275717,0.274510636518436,0.108419922498819
1.43723876948504,0.788559184798236,-0.168625462555122,0.68268001462878,0.0973734105159208,0.202513175214232
-2.48284200332851,1.39346596802804,-0.268966067662057,0.0529914076341568,-0.0373982359438754,-0.179538085519967
-0.379416034789308,0.570558075834534,0.38158202757436,0.127181025276034,-0.16859076995713,-0.242505627788617
1.90765609529295,-0.843825757114282,0.0854436357635378,0.108270744077069,-0.00530076332783002,0.0815146613641888
0.024973249144584,0.0213828891172992,-0.000569579793365454,-0.0467862164541565,0.14909799794163,0.0775022636434734
0.343479530675874,-0.962857546630329,-0.00922835115582917,0.180741599419063,-0.00362137073692111,0.0723391030118972
1.88616668506149,-0.6294738672437,0.0622606458851755,-0.0632795753426899,-0.167395598436638,0.0461481920100012
-0.622589744212871,-0.0752854033569632,-0.282467144052285,0.124734679169033,-0.0379117174012523,0.258815838537889
0.763737261365193,-0.856472144018474,-0.116942876080677,-0.212881409406733,-0.149895582956139,-0.0661399405676912
-1.38989601719155,0.652618348049861,-0.113794147689048,-0.240716844706359,0.0875701179987975,0.149502908095114
0.342240462886881,-0.624425274763925,-0.223219251175714,0.0937462626731338,0.267776822098976,-0.239943347586232
-1.90556936312311,-1.31501157964557,0.0883175552589966,0.0934906653933444,-0.0707251642038435,-0.146918698228598
-1.39698312579308,-1.07901934015371,-0.105940607707052,0.00149474711177645,0.40619491804025,-0.143469710048792
-0.305475641250167,-0.849046714472936,-0.247192904349596,-0.115386071999606,-0.057939656765631,0.221338461198331
-0.234703854401635,-0.159253101302054,0.287810803704816,-0.159637007671161,0.288438889295765,-0.22351380418559
0.40193792436206,0.621666707977247,0.0720899634433572,-0.411786142434005,-0.0619484158103249,0.236558328355801
-3.25615448655528,-0.263094334028214,0.414406846033661,0.0988122102067946,0.150407879122721,-0.0778604833300058
-2.63700146302516,1.07740768925129,0.083744464326225,0.125909797240739,-0.121157778763125,0.129065379757482
2.20817569546784,-0.811269286289751,-0.06699964236565,-0.0530087061763478,0.173673502350841,-0.0643840953266091
1.13175985370024,1.12301339773106,0.486368539479536,-0.185958834024726,-0.52742763134684,-0.316719177860463
-0.101075719424859,-0.542147872149912,-0.191566581854684,-0.138289598935911,-0.145999037414222,-0.0769053531565917
2.15462498593957,-0.67908788770414,0.0515270876245893,0.276898985611412,-0.0764412558046876,0.132161717091776
-2.86282705805047,0.864908020335997,0.291651924871419,0.0898637670649979,0.23613095431231,0.199987132002595
-0.743765834381299,-0.662795416792549,-0.290702239426157,-0.0348206499596875,-0.080059910661712,-0.0140644670656874
-1.39465745943446,-1.3394241513751,-0.132542953904737,-0.0919135839270497,-0.221236802968536,-0.166615482253688
-2.66830493513665,1.32864456109393,-0.526460060141387,0.186774200935415,0.0339346172852593,-0.0186955580453693
2.41918414643465,0.557657300800124,0.156106207155452,-0.171172983861833,-0.250340909593399,-0.184814340086836
-3.35639057729704,-0.789401565655844,-0.0310175943530214,-0.135651386678233,0.094316885031709,-0.256953282858241
-2.94997347159245,-1.39618373664397,0.169299968095375,0.122893075619215,-0.0670771367940193,-0.0604468795346032
-1.27551617945291,-1.41184661789647,-0.0017649159459433,0.137383048614356,-0.102680116503603,0.0305783163040555
-3.02149158502996,1.11183299273256,-0.177387964828086,-0.426440052962181,0.0731272488855445,-0.222155302283417
0.523380775893554,0.116794000712461,-0.365319967561903,-0.141128200356991,0.0743270028635134,-0.332738207315443
-0.358539120569305,-0.622453987020205,0.330607998646682,-0.437015915383759,-0.124783156042701,-0.254211149349864
-2.79208513314642,1.26476678172905,-0.0837075140969412,0.178738699344306,-0.237817899917304,0.130547318288315
-1.3820093220563,1.20541774697896,-0.0278396760992942,-0.0802555372627878,-0.0139351734437386,-0.235400031929849
0.366937580273591,-0.0527144151449874,0.0135371940236008,0.102317278538054,-0.0331215744120565,-0.160115872619853
-2.24391101529186,0.957650144979023,0.00201366967988743,-0.131852984321682,-0.207938195650278,0.316432505306627
1.15576237969729,0.89309812546393,-0.0602435181587403,-0.405462553335715,-0.225787029306638,0.388760242012628
0.401775674557065,0.0687486318901555,0.137324104585466,0.00397125818814509,-0.246669328172358,-0.202258438655066
-3.31202886192541,-0.217731034908492,-0.0950757725586284,0.0690744709650164,-0.262231022043272,-0.307433090623932
-0.835166144912173,1.06647530650639,0.356102749654185,0.178184472422504,-0.117515975429815,0.0512293675352839
0.100763946277874,-0.180153269280302,-0.114677670909056,-0.151018337915365,-0.312716024882319,0.068419938389584
-2.26556762591442,1.22605239099002,-0.270663969117754,0.16390721272689,-0.0267136890037298,-0.100118476419532
1.57778353935797,-1.00545574921689,0.0278076931236362,0.0228327106268561,0.289893245696522,0.505219451293713
-3.51867189151357,0.195585259551095,0.19881099788609,0.0101028508417527,0.0839918429651939,-0.168050097007164
1.51076409507208,-1.19295979068625,-0.0975290420372469,0.0913335861751602,-0.552130124304234,-0.0305455932682452
-2.71186505750058,-0.968388233836221,0.0838160926448007,0.144925214347065,-0.240968644198053,0.0134401293193151
-0.458380062689735,0.900378914999699,0.326924494125128,-0.11068162811484,-0.0881412117832189,0.140112267312907
-3.29253617965107,0.93763221695155,0.0948441738753063,-0.203288376314347,0.168970684201806,-0.325510488652835
-3.44606670853309,0.198221203467562,0.0430999540249904,0.151896002281962,0.150725698234567,0.725899733135515
-2.45270673110496,1.41539323893932,-0.0453662867373728,-0.074893891338404,0.262747581643071,-0.0839491039387099
-2.30969334036033,-1.26641606674505,0.266482878646256,-0.0797094900403935,-0.159128486287733,-0.0218104183291486
1.2211680558068,-1.04839481768078,0.00126979460622977,-0.0198045912897329,-0.0566854046570734,0.0873548719053787
-0.429718758016565,0.330948821422771,-0.0392105855304315,0.0186703193097745,-0.117645829122731,0.141888349825858
0.0111997147690164,-0.255834078733118,0.0243977994671491,-0.285171100360871,-0.0115432586701935,0.272634722344521
2.45155803297122,0.246170544492897,0.24559149249723,-0.219752332525917,-0.0303068380600541,-0.204651249701692
1.34260027906155,-1.4056482584763,0.0309490411976654,0.00899012576114418,-0.00680383226336021,0.289306203693068
-1.15846374839696,-0.675307363699225,0.0340871232551373,0.0367882016449535,-0.100843657817722,-0.0341833487333262
-0.307580457378227,-0.40386682419612,0.0312872092448398,-0.102519595788337,-0.114777544930659,0.00908444710679416
0.545683465663173,-0.794050611405057,-0.0981099440342598,0.0755386384256244,0.0304703826084286,0.0776679629352921
-2.69771116339125,-0.975771917688583,0.305599934840792,0.09596124725627,-0.288035541871996,0.0185369070582841
-0.260093336775941,-0.0735625581202268,0.0763275515276318,-0.120261362107475,-0.160501403469458,-0.197783482212049
-0.416167698641495,0.106684932667884,0.0888994328295682,-0.116059570719364,-0.151067461850071,0.177422201300958
-1.31112985656049,-0.774433138506543,-0.358592577917044,-0.470940457571865,0.0665330513712022,-0.136332148082486
1.92593410387682,1.02659067903526,0.362741877013618,-0.0154679971109844,-0.22629955887027,0.367725820140495
0.767434869719115,1.17109044894866,-0.0136714972184772,-0.124769705556476,0.314930284033384,0.0244423014967418
-3.02515967284487,-0.919733648773375,-0.155927143311116,0.0982757843876625,0.10346930407464,0.0457783038090026
-2.84535950360428,1.22158292242232,-0.0261908890515055,0.263122445682489,0.0309334142572367,-0.148395150261806
-1.1855761476226,1.09172239097772,0.303004552207792,0.146311898611619,-0.129449918969378,-0.174427169326111
1.27301804748738,-1.06041236628763,0.0429509479351786,0.0553222623850004,-0.0180443966692558,0.0663891303867645
2.31458794904028,0.645167614597871,-0.0632949927964443,0.164857345386677,0.158851324830742,-0.122707441068449
-2.94668292139308,0.822372751233068,-0.0451076374589152,0.247150704580483,0.104458494830548,0.208310344766394
-0.296257679574241,0.279000468556349,0.422416501176481,-0.0685255383526024,0.23284747491362,0.0338458414000996
2.52691386233827,0.857592012585139,-0.239219696446846,0.251584850524346,0.00163771152478949,0.233333936801295
-0.00933399773034083,-0.0570669618662059,-0.100984477019211,0.0711216068698662,0.171488281902966,-0.0102477003756015
-3.37758016559271,-0.705698884560656,0.167845966211221,-0.0881037307886551,-0.604246523260221,-0.00670303656988682
2.71129028309427,0.0952181861080733,-0.0974133321680681,-0.111506650682038,-0.309348750714771,-0.211861915471569
-1.24314268164277,-1.41046242167488,-0.166307518533388,-0.218721966630306,-0.0866555589093956,-0.0914051951778256
-0.293862692112795,0.381320850289935,-0.031367083888514,0.10304061840409,-0.0700205245955057,0.17329417651614
0.185100750855672,-0.230258161581625,0.0429294425815458,-0.0176223224473367,-0.134061638624316,0.147019499434187
2.16067633230934,1.21391368533122,0.110810373997553,-0.391046088317814,-0.184499898454582,0.162891691818027
0.180123603919501,-0.116540146261007,-0.197238816467051,0.0458251787994662,0.265527733413895,-0.0330010623176689
2.35386988462116,-0.960299399036745,-0.0161250886088123,-0.394454652728574,-0.0268198782164942,0.154654406346026
2.06736560175116,-0.834666063544819,-0.169934077073796,-0.289602009704728,-0.109111970667115,-0.118873052929451
-0.738807424290607,-0.750519882793926,0.187832499889035,0.059964289105764,-0.234985066569185,-0.317146620950109
-0.819644920601748,0.532437374350467,0.00623847718993204,0.0692198328041991,0.0612227445893332,0.0700623615362793
0.396319586959917,0.226293344324659,0.196197201570982,0.384860361541378,-0.42326062894387,0.322801285182141
1.7775442291854,-1.04002588711726,-0.316751966176161,0.0826279875801113,-0.186773979082349,0.0653322127930708
-2.29939388998532,1.35960852851224,-0.0722717283899627,0.155349169387814,0.247086069917577,-0.0275969536245257
-0.640611124322059,0.494112258050166,-0.167241802339625,0.272937281977367,-0.109719833651019,-0.0907899178872023
1.30085131304209,0.887297393713924,0.319255470957518,-0.191930024619941,-0.131136724774703,0.0881491502112623
-2.90744551676046,-1.15966720245481,-0.365525655623461,-0.13550079859503,0.257465121336422,0.173147763957087
-1.87454976557309,-1.38213209186988,0.049317699430654,-0.00365458791911721,-0.1960084586284,-0.0917049431462401
-3.21163254614944,0.614101193008103,-0.0201757934816121,0.0257559490139709,0.064566671921062,-0.225775284557626
-1.70983194826133,-1.24465246229422,0.0743583249350343,0.153010722567472,-0.223810725692439,0.0278612926293271
-1.84860516206128,-1.39753865428448,0.164168742790571,-0.208005575369141,0.018446456876519,-0.177440082461202
-2.13403788469121,1.11284277154602,-0.170841955360379,0.173243698814014,0.165453989390177,0.084391821299783
-2.96544352834547,-0.897538915030234,0.0308293192387806,0.163309092500135,0.22207619782227,-0.0205810453375936
2.30638400292153,-0.865403332591261,0.26514076242478,-0.0264971871466264,-0.337281835330169,0.0358795139263889
-2.14177800698994,-1.45455867143214,-0.142529015712044,0.182056663470886,0.253383182663645,-0.00782617984362352
0.821056867560384,0.664005616663648,0.15480808695438,-0.256143352726429,-0.429335326535302,-0.045796050021469
0.327185696641464,0.342006226671512,-0.251436704928642,-0.220403669212729,-0.169509980511511,-0.323426964764286
-2.06681134943003,-1.20606172087321,0.47880500258506,0.127202795255326,0.447911207715054,0.381375668059018
0.21235006684333,-0.132009619427636,0.248219408000714,-0.0592044734494685,0.156430459176785,-0.180997084782155
-0.738207214350069,-1.00467027458936,-0.242984089781961,-0.187054367514639,-0.382511827749456,-0.276986907493945
-2.15226037379093,-1.48192234732627,-0.207810189363818,0.0811840844285377,-0.266007667814721,-0.191206073103857
2.8804345794397,-0.283097011362402,0.128725303101354,0.0731352398065258,0.363108891907807,-0.373610611508086
-3.48837221935715,-0.215376230130363,-0.299535557771763,0.207820830842732,-0.030126278292178,0.225367056828425
-3.01707031484763,0.72823571527103,0.204081750263277,0.303051108436062,-0.0772572303263936,-0.0836989285269705
0.382880819469062,0.357177725501467,-0.306163410965956,-0.0645331640872594,0.1167763476706,-0.102855153275985
-0.245171379442185,-0.624968402613585,0.103484645279075,0.244994345875454,-0.0619968104556375,0.0702771835547401
-1.93065583029603,1.28627774490678,-0.294354857654237,0.186150610249615,-0.117910492081607,-0.0255284629215887
-2.95255148751607,0.813400451177115,0.531373424352313,0.132729934625592,0.0671249870626697,-0.106556790159846
1.47866700623473,-1.37376543536,-0.160977474555895,0.215854772145908,-0.041507104987094,0.43257301197121
0.34318056133288,-0.744272310160171,0.131528370346823,-0.00861531870754724,0.308136160196818,0.440407326195449
-2.12842552514203,-1.39148891929269,0.150838762375164,0.171378498738257,0.0176283096630235,0.285921346352038
2.67862193054224,-0.220572963598217,0.348710404488502,-0.288561277070707,-0.133614031016284,0.193055479651054
-1.35204399384402,-1.24485959913335,0.231183712434362,0.0850426571730017,0.162144290162426,-0.16784481699999
-2.53596197972269,1.49424194994611,-0.277670515342992,-0.0931458138536172,-0.109710187700331,-0.0811327016569056
0.244091852940336,-0.501682347474855,-0.144804150296681,-0.234468889252863,-0.00898424431853133,-0.247629349550809
-2.12567013602202,-1.43109926398248,-0.180124171120553,-0.0359438946042571,0.33378959705616,0.110071090456996
-0.0763086314941654,0.231923735927557,0.0557375306542693,-0.241326069470711,0.0245284683975684,-0.23671557218058
-0.517834733706241,0.62288427660413,-0.0388592956332454,-0.0906051619273817,0.292190830180962,0.110737008250164
-1.86174659682709,-1.49023074793488,-0.137793472598383,-0.410154912308054,0.442936541514614,0.0932795510487251
2.31221827967192,-0.564882906208727,0.241499050390307,-0.0210829352745892,0.344326172645429,-0.0581996051576627
-2.44041272948228,1.24358259264419,0.0591710250669006,-0.153288427259252,-0.095361135790103,-0.00823718606205225
1.78758691631852,0.951730420546318,-0.0458694012464474,-0.0386098857849916,0.0185034791066227,-0.242109124809654
-0.0984475319906972,0.374677915122461,0.0254847238818808,-0.208926485293781,-0.0547455140980417,0.0165633009287206
2.78291194343918,-0.273861265561035,-0.0352474676161821,0.289398846200622,-0.0029661952277646,0.278862084219684
-2.00936981591578,-1.53720965934737,-0.392577578972313,-0.0327532239563829,0.083878352287568,0.159299450684528
0.125113368433326,-0.105682479482805,0.195519864418607,0.199362919772376,0.0643124614471309,0.263711126149194
-2.30256819200395,-1.41433319095369,0.0585751790517038,0.187648875665261,0.387750705728998,0.10160612826325
0.205288784106789,0.425691149683999,-0.180937417310877,-0.0100537758110363,0.0698318761150186,0.125109906496239
-0.431163308313095,0.359641296134762,-0.291523177802946,-0.0937949510548,0.238099590992752,-0.0116213991861145
0.306613816630498,0.0904448214236651,-0.308370480734554,-0.0177060198007125,-0.229861706667653,0.0856930194348886
0.964533012568063,1.24240746281379,0.0671620371138539,-0.343186619067983,0.144573138059402,0.308197864319791
-0.257917199326701,0.0285024136610931,0.282662642830104,0.0249629409718328,0.226469931478749,0.044690029316158
1.00547516191787,-0.851414704504249,0.00402879206922481,-0.140439532193946,-0.213161382503605,0.0932236748389683
2.54909463022985,0.468124170559822,-0.553820788357857,-0.276994603349348,-0.0794576451422527,0.0688000007292316
0.688084338068621,0.760780994382485,-0.0221897777001838,-0.0663431265930961,0.0343320449434295,-0.183356644097605
0.326426653876055,-0.164038351216873,0.319052915695978,0.0791066905880957,-0.050400298512254,0.120555885568356
1.44041454393047,-1.09098087061261,0.368957368198856,-0.0887980030024482,-0.133952068978668,-0.015422438689674
-1.0911300719563,1.22996649327884,-0.0234297679864021,0.240604169465846,0.296779526410877,-0.390164345932693
-3.09076978574739,-0.96146113710366,0.198389625780904,0.15531561931893,0.358893418532172,-0.169642542933061
1.23386024305182,-1.01921156244001,-0.171715057023464,0.0600298714605591,-0.0111048936640204,-0.14575399603842
-3.36344459696433,0.48558993470438,-0.33843985998565,-0.124794589351289,-0.128603057026482,-0.0387642656331088
-1.63693104299466,-1.20774354342225,0.262923082397859,0.00105016800326134,0.175669022043574,0.238153612098261
-0.322074052183643,-0.678010131029418,0.135788097392435,-0.301977412216781,-0.169800072272749,-0.0410544468671721
-3.34403919409411,0.483478982322173,0.192714060604768,0.10501907781939,-0.0511118739873934,0.212038621864116
6.5395290129818,6.81053659971803,-1.75759391533211,-1.56488800561056,-4.4233515211381,-0.97883893083781
1.02088397275656,5.62971486477181,2.56595997605473,4.51581168361008,6.27455789083615,-3.86961276270449
2.41844196757302,3.45530818495899,-1.18249339330941,-6.8690995182842,2.63957787910476,2.61276294849813
5.28259198088199,4.4946516584605,-5.76001031044871,0.0490831481292844,-0.617441332899034,0.593343560583889
6.28899580799043,1.49841162702069,-1.09609297895804,-2.62928509199992,-1.77027193596587,5.42983312951401
-2.55867109028623,3.45749656297266,5.53691026056185,2.16203510668129,5.39227315783501,0.0739199337549508
-5.02784572495148,5.73635651916265,-4.31971887592226,0.268037217203528,-0.733164215926081,-2.14932326739654
-1.05576027231291,2.2653845064342,6.65034140180796,-6.03381558135152,-5.49180645123124,-6.47381857875735
-5.09240123350173,-5.16526676528156,-2.76011027302593,-4.10302724689245,1.6826864508912,-6.42458093725145
-0.0156519431620836,-6.81960120098665,-4.34349108301103,2.36975491652265,-6.07684346009046,-0.143534360453486
1.8167582647875,1.49943005898967,5.83491463586688,-6.73079145140946,-1.102808306925,-0.278575646691024
2.07997900201008,-4.99225957272574,5.09553752467036,-5.68522831238806,-5.22825713362545,3.34547871770337
4.89142423355952,-2.67460329039022,1.90624669520184,-4.83153945067897,-3.27223792113364,1.9516365500167
5.32361321244389,4.28409608546644,2.67410788219422,1.07320546777919,-0.220462217926979,-2.99842165550217
-0.175870382227004,-5.31685727927834,4.35894384328276,-5.04422277584672,6.72936036670581,2.27342040790245
-4.69961324520409,-2.91339943185449,-0.158906823024154,-0.215792942792177,-1.61066011060029,-0.810163612477481
-6.77379042375833,-3.90045946650207,-2.23129747714847,-2.59151860000566,-0.126699566375464,-0.0328428712673485
1.26862724171951,2.27219519810751,-1.5180068151094,6.58815262839198,2.23886142671108,-3.44046191452071
3.7981672687456,-1.86986088100821,3.88172294944525,-0.101722685154527,1.08867450989783,-5.01942984526977
5.90464372979477,3.43548865942284,-6.6776960096322,-1.87764609418809,0.532226690091193,-3.07124818582088
-4.36318801064044,4.21881555393338,0.063158180564642,5.54561995016411,1.13702458050102,0.717705516610295
6.00407612789422,4.15253585809842,-0.923936311621219,6.67890904145315,-2.05026547890157,-6.70575996814296
-0.0342102139256895,2.20181322330609,1.09339725924656,6.34027737379074,4.42232203902677,-0.494154451414943
-5.86283757956699,-1.78433960815892,-0.141878345049918,5.35805763723329,-6.8185598179698,5.69580178288743
-6.97496547875926,-1.46270561823621,-3.70065608620644,5.4397313548252,5.11172925913706,1.79655807325616
-0.537235038354993,1.34227647306398,-4.42558182775974,-4.12694970006123,-1.10235641803592,-3.9066727659665
-1.33816732931882,1.67214203998446,-3.67285135621205,-3.8697171099484,-4.18592178681865,4.52667367691174
1.45612991647795,-4.51303680054843,4.41769128292799,-4.57589856348932,-6.89121678238735,-5.52126463130116
1.75106099946424,-2.56470969319344,-0.0522271580994129,4.44351938040927,5.66551337856799,-0.47681787982583
4.46294409967959,6.88537300098687,4.90752123342827,2.73492376506329,-1.64485098188743,-6.290071899537
-3.68198932195082,6.96826709108427,5.72129319002852,6.18392962357029,5.51732228929177,4.68960926122963
-3.05143189057708,0.631728433538228,0.559500873088837,3.33295282395557,1.4084659977816,5.32448802189901
4.77847286313772,1.29636650532484,-3.72689047036693,0.164972862228751,-1.07956342305988,-1.571760261897
-0.266208030749112,-0.796563664451241,6.07652334822342,6.85865933727473,1.86328693293035,0.227185535244644
0.67271913215518,-2.42300693783909,4.74365193163976,0.713709035422653,-2.05381990224123,-1.26414018962532
3.51291736215353,6.06231300206855,-1.24724692106247,3.26415704656392,0.349189612548798,-6.98561972612515
5.76131035806611,2.25118567980826,-4.04632149869576,-2.06222452316433,-6.73968148324639,-1.69628339353949
5.1387111870572,3.48597581125796,3.16479434259236,6.88010040437803,1.38196532800794,-1.07570797950029
6.65984555426985,-4.31585584720597,-6.26826128177345,-5.51756798382849,4.55344654200599,4.94354126835242
3.00835530646145,3.02075383346528,-0.494850222487003,0.684143245220184,5.66095445491374,0.998151916544884
2.1281255511567,-5.29242813307792,-0.475274461787194,3.2430275445804,5.68460250273347,-3.01552622951567
4.92980639450252,-4.71234619384632,-1.88153176102787,-5.44604621455073,-5.99198489589617,-5.19471652247012
1.10907808924094,-0.105878092814237,2.97192669007927,-4.96194206969813,-0.712566727772355,-3.66717780241743
5.40407368633896,-2.03788316203281,6.06483074929565,3.08380769612268,6.74659860506654,-3.61787709686905
5.48367563588545,6.83661732496694,-6.59823993826285,-6.97426603734493,5.27530296798795,0.815624537412077
5.97224427293986,4.24453312391415,1.41703194752336,-0.688868145924062,-4.74252408696339,4.10825591022149
3.2992883794941,-3.4234079234302,-5.24776143347844,-0.637894673738629,-3.675766967237,6.87816618289798
0.402706922031939,-2.20241660345346,-0.671256070490927,4.06286009028554,-0.979065282735974,1.26756310323253
-4.59587658196688,3.96591917332262,-0.279358009807765,-4.80879099527374,4.99807270709425,5.49055040534586
3.84909721184522,-5.99285206804052,2.89532896131277,-0.134456280618906,4.40823224699125,-2.83681565104052
